AUN,LEA Name,LEA Type,County,School Number,School Name,Student Gender Code,PKA,PKP,PKF,K4A,K4P,K4F,K5A,K5P,K5F,001,002,003,004,005,006,EUG,007,008,009,010,011,012,SUG,Student ID
126514368,ACT Academy Cyber CS,CS,Philadelphia,8217,ACT Academy Cyber CS,F,0,0,0,0,0,0,0,0,0,0,0,0,0,0,0,0,0,0,14,13,10,5,0,42
126514368,ACT Academy Cyber CS,CS,Philadelphia,8217,ACT Academy Cyber CS,M,0,0,0,0,0,0,0,0,0,0,0,0,0,0,0,0,0,0,14,18,12,3,0,47
168518013,ARISE Academy Charter High School,CS,Philadelphia,8122,ARISE Academy Charter High School,F,0,0,0,0,0,0,0,0,0,0,0,0,0,0,0,0,0,0,23,31,17,29,0,100
168518013,ARISE Academy Charter High School,CS,Philadelphia,8122,ARISE Academy Charter High School,M,0,0,0,0,0,0,0,0,0,0,0,0,0,0,0,0,0,0,10,10,16,22,0,58
181519176,ASPIRA Bilingual Cyber Charter School,CS,Philadelphia,8148,ASPIRA Bilingual Cyber Charter School,F,0,0,0,0,0,0,0,0,0,0,0,0,0,3,3,0,3,2,21,20,15,15,0,82
181519176,ASPIRA Bilingual Cyber Charter School,CS,Philadelphia,8148,ASPIRA Bilingual Cyber Charter School,M,0,0,0,0,0,0,0,0,0,0,0,0,1,1,4,0,1,2,17,18,12,10,0,66
126510015,Ad Prima CS,CS,Philadelphia,7825,Ad Prima CS,F,0,0,0,0,0,0,0,0,33,24,55,37,31,21,12,0,11,7,0,0,0,0,0,231
126510015,Ad Prima CS,CS,Philadelphia,7825,Ad Prima CS,M,0,0,0,0,0,0,0,0,35,24,35,28,9,16,16,0,7,6,0,0,0,0,0,176
126512990,Alliance for Progress CS,CS,Philadelphia,7543,Alliance for Progress CS,F,0,0,0,0,0,0,0,0,27,25,30,22,26,21,26,0,14,7,0,0,0,0,0,198
126512990,Alliance for Progress CS,CS,Philadelphia,7543,Alliance for Progress CS,M,0,0,0,0,0,0,0,0,26,20,26,22,26,32,20,0,11,14,0,0,0,0,0,197
104510394,Antonia Pantoja Community Charter School,CS,Philadelphia,8031,Antonia Pantoja Community Charter School,F,0,0,0,0,0,0,0,0,33,41,42,38,77,35,39,0,26,31,0,0,0,0,0,362
104510394,Antonia Pantoja Community Charter School,CS,Philadelphia,8031,Antonia Pantoja Community Charter School,M,0,0,0,0,0,0,0,0,32,43,47,51,53,32,51,0,32,27,0,0,0,0,0,368
126513070,Belmont Academy Charter School,CS,Philadelphia,7557,Belmont Academy Charter School,F,0,0,0,0,0,10,0,0,55,0,0,0,0,0,0,0,0,0,0,0,0,0,0,65
126513070,Belmont Academy Charter School,CS,Philadelphia,7557,Belmont Academy Charter School,M,0,0,0,0,0,10,0,0,41,0,0,0,0,0,0,0,0,0,0,0,0,0,0,51
126510010,Belmont Charter School,CS,Philadelphia,7750,Belmont Charter School,F,0,0,0,0,0,0,0,0,0,36,23,44,29,36,27,0,18,19,0,0,0,0,0,232
126510010,Belmont Charter School,CS,Philadelphia,7750,Belmont Charter School,M,0,0,0,0,0,0,0,0,0,40,47,31,35,33,34,0,15,20,0,0,0,0,0,255
126519476,Birney Preparatory Academy,CS,Philadelphia,8206,Birney Preparatory Academy,F,0,0,0,0,0,0,0,0,52,43,39,30,37,35,35,0,35,27,0,0,0,0,0,333
126519476,Birney Preparatory Academy,CS,Philadelphia,8206,Birney Preparatory Academy,M,0,0,0,0,0,0,0,0,48,48,46,38,31,33,22,0,31,28,0,0,0,0,0,325
185515523,Boys Latin of Philadelphia CS,CS,Philadelphia,7981,Boys Latin of Philadelphia CS,M,0,0,0,0,0,0,0,0,0,0,0,0,0,0,0,0,0,0,158,129,110,85,0,482
126513190,Charter High School for Architecture and,CS,Philadelphia,7578,Charter High School for Architecture and,F,0,0,0,0,0,0,0,0,0,0,0,0,0,0,0,0,0,0,69,90,76,66,0,301
126513190,Charter High School for Architecture and,CS,Philadelphia,7578,Charter High School for Architecture and,M,0,0,0,0,0,0,0,0,0,0,0,0,0,0,0,0,0,0,88,81,73,69,0,311
126513160,Christopher Columbus CS,CS,Philadelphia,7575,Christopher Columbus CS,F,0,0,0,0,0,0,0,0,57,42,46,41,43,46,46,0,48,46,0,0,0,0,0,415
126513160,Christopher Columbus CS,CS,Philadelphia,7575,Christopher Columbus CS,M,0,0,0,0,0,0,0,0,31,45,44,44,45,37,42,0,39,37,0,0,0,0,0,364
126512840,Community Academy of Philadelphia CS,CS,Philadelphia,7510,Community Academy of Philadelphia CS,F,0,0,0,0,0,0,0,0,35,25,31,33,27,36,38,0,50,57,82,90,87,86,0,677
126512840,Community Academy of Philadelphia CS,CS,Philadelphia,7510,Community Academy of Philadelphia CS,M,0,0,0,0,0,0,0,0,26,38,33,33,41,29,28,0,48,47,73,75,58,60,0,589
126513470,Delaware Valley CHS,CS,Philadelphia,7671,Delaware Valley CHS,F,0,0,0,0,0,0,0,0,0,0,0,0,0,0,0,0,0,0,84,104,65,90,0,343
126513470,Delaware Valley CHS,CS,Philadelphia,7671,Delaware Valley CHS,M,0,0,0,0,0,0,0,0,0,0,0,0,0,0,0,0,0,0,90,84,83,66,0,323
126510011,Discovery Charter School,CS,Philadelphia,7775,Discovery Charter School,F,0,0,0,0,0,0,0,0,41,41,41,39,43,41,40,0,45,46,0,0,0,0,0,377
126510011,Discovery Charter School,CS,Philadelphia,7775,Discovery Charter School,M,0,0,0,0,0,0,0,0,41,40,41,41,38,38,40,0,34,31,0,0,0,0,0,344
177518712,Eastern University Academy Charter Schoo,CS,Philadelphia,8127,Eastern University Academy Charter Schoo,F,0,0,0,0,0,0,0,0,0,0,0,0,0,0,0,0,29,31,48,30,33,30,0,201
177518712,Eastern University Academy Charter Schoo,CS,Philadelphia,8127,Eastern University Academy Charter Schoo,M,0,0,0,0,0,0,0,0,0,0,0,0,0,0,0,0,17,29,30,28,22,26,0,152
126519119,Education Plus Academy Cyber CS,CS,Philadelphia,8223,Education Plus Academy Cyber CS,F,0,0,0,0,0,0,0,0,22,10,11,14,16,9,8,0,1,0,0,0,0,0,0,91
126519119,Education Plus Academy Cyber CS,CS,Philadelphia,8223,Education Plus Academy Cyber CS,M,0,0,0,0,0,0,0,0,27,21,13,17,13,25,13,0,0,0,0,0,0,0,0,129
126513440,Esperanza Academy Charter High School,CS,Philadelphia,7665,Esperanza Academy Charter High School,F,0,0,0,0,0,0,0,0,0,0,0,0,0,0,11,0,12,0,88,97,102,104,0,414
126513440,Esperanza Academy Charter High School,CS,Philadelphia,7665,Esperanza Academy Charter High School,M,0,0,0,0,0,0,0,0,0,0,0,0,0,0,14,0,13,0,108,90,76,83,0,384
126511563,Esperanza Cyber CS,CS,Philadelphia,8216,Esperanza Cyber CS,F,0,0,0,0,0,0,0,0,0,0,0,0,0,0,7,0,14,7,20,13,10,1,0,72
126511563,Esperanza Cyber CS,CS,Philadelphia,8216,Esperanza Cyber CS,M,0,0,0,0,0,0,0,0,0,0,0,0,0,0,9,0,4,7,23,12,11,3,0,69
126513100,Eugenio Maria De Hostos CS,CS,Philadelphia,7564,Eugenio Maria DE Hostos CS,F,0,0,0,0,0,0,0,0,21,50,44,24,22,17,24,0,22,13,0,0,0,0,0,237
126513100,Eugenio Maria De Hostos CS,CS,Philadelphia,7564,Eugenio Maria DE Hostos CS,M,0,0,0,0,0,0,0,0,23,55,38,19,17,22,13,0,20,10,0,0,0,0,0,217
100510000,First Phila CS For Literacy,CS,Philadelphia,7744,First Phila CS For Literacy,F,0,0,0,0,0,0,0,0,82,70,81,37,33,44,56,0,56,60,0,0,0,0,0,519
100510000,First Phila CS For Literacy,CS,Philadelphia,7744,First Phila CS For Literacy,M,0,0,0,0,0,0,0,0,79,72,70,41,44,33,23,0,46,37,0,0,0,0,0,445
126510021,Folk Arts-Cultural Treasures CS,CS,Philadelphia,7857,Folk Arts-Cultural Treasures CS,F,0,0,0,0,0,0,0,0,23,30,30,26,26,30,34,0,21,23,0,0,0,0,0,243
126510021,Folk Arts-Cultural Treasures CS,CS,Philadelphia,7857,Folk Arts-Cultural Treasures CS,M,0,0,0,0,0,0,0,0,27,24,23,29,28,24,21,0,31,27,0,0,0,0,0,234
126513450,Franklin Towne CHS,CS,Philadelphia,7666,Franklin Towne CHS,F,0,0,0,0,0,0,0,0,0,0,0,0,0,0,0,0,0,0,157,163,126,139,0,585
126513450,Franklin Towne CHS,CS,Philadelphia,7666,Franklin Towne CHS,M,0,0,0,0,0,0,0,0,0,0,0,0,0,0,0,0,0,0,122,102,111,93,0,428
147513703,Franklin Towne Charter Elementary School,CS,Philadelphia,8123,Franklin Towne Charter Elementary School,F,0,0,0,0,0,0,0,0,55,45,44,59,55,52,55,0,43,41,0,0,0,0,0,449
147513703,Franklin Towne Charter Elementary School,CS,Philadelphia,8123,Franklin Towne Charter Elementary School,M,0,0,0,0,0,0,0,0,46,58,59,44,49,52,55,0,55,35,0,0,0,0,0,453
126513270,Freire CS,CS,Philadelphia,7586,Freire CS,F,0,0,0,0,0,0,0,0,0,0,0,0,0,98,85,0,0,67,91,69,77,72,0,559
126513270,Freire CS,CS,Philadelphia,7586,Freire CS,M,0,0,0,0,0,0,0,0,0,0,0,0,0,67,79,0,0,46,54,53,49,41,0,389
126513380,Global Leadership Academy CS,CS,Philadelphia,7639,Global Leadership Academy CS,F,0,0,0,0,0,0,0,0,38,39,41,57,40,47,41,0,46,45,0,0,0,0,0,394
126513380,Global Leadership Academy CS,CS,Philadelphia,7639,Global Leadership Academy CS,M,0,0,0,0,0,0,0,0,38,38,38,30,41,34,38,0,34,22,0,0,0,0,0,313
126510005,Green Woods CS,CS,Philadelphia,7748,Green Woods CS,F,0,0,0,0,0,0,0,0,41,34,37,26,12,10,14,0,9,11,0,0,0,0,0,194
126510005,Green Woods CS,CS,Philadelphia,7748,Green Woods CS,M,0,0,0,0,0,0,0,0,37,45,42,26,14,17,11,0,15,12,0,0,0,0,0,219
126513290,Hardy Williams Academy CS,CS,Philadelphia,7588,Hardy Williams Academy CS,F,0,0,0,0,0,0,0,0,37,38,43,51,69,43,54,0,51,43,62,0,0,0,0,491
126513290,Hardy Williams Academy CS,CS,Philadelphia,7588,Hardy Williams Academy CS,M,0,0,0,0,0,0,0,0,44,39,60,49,69,34,45,0,33,34,50,0,0,0,0,457
126510003,Hope CS,CS,Philadelphia,7723,Hope CS,F,0,0,0,0,0,0,0,0,0,0,0,0,0,0,0,0,0,0,24,32,32,39,0,127
126510003,Hope CS,CS,Philadelphia,7723,Hope CS,M,0,0,0,0,0,0,0,0,0,0,0,0,0,0,0,0,0,0,31,34,23,49,0,137
126513200,Imani Education Circle CS,CS,Philadelphia,7579,Imani Educationl Circle CS,F,0,0,0,0,0,0,0,0,25,30,22,26,33,20,33,0,27,19,0,0,0,0,0,235
126513200,Imani Education Circle CS,CS,Philadelphia,7579,Imani Educationl Circle CS,M,0,0,0,0,0,0,0,0,24,22,31,21,16,17,31,0,23,16,0,0,0,0,0,201
126512980,Imhotep Institute CHS,CS,Philadelphia,7542,Imhotep Institute CHS,F,0,0,0,0,0,0,0,0,0,0,0,0,0,0,0,0,0,0,92,69,77,62,0,300
126512980,Imhotep Institute CHS,CS,Philadelphia,7542,Imhotep Institute CHS,M,0,0,0,0,0,0,0,0,0,0,0,0,0,0,0,0,0,0,121,83,94,70,0,368
126513510,Independence CS,CS,Philadelphia,7683,Independence CS,F,0,0,0,0,0,0,0,0,50,45,45,50,46,48,41,0,39,53,0,0,0,0,0,417
126513510,Independence CS,CS,Philadelphia,7683,Independence CS,M,0,0,0,0,0,0,0,0,42,49,48,46,50,41,49,0,42,30,0,0,0,0,0,397
133513315,John B. Stetson Charter School,CS,Philadelphia,8149,John B. Stetson Charter School,F,0,0,0,0,0,0,0,0,0,0,0,0,0,65,69,0,99,93,0,0,0,0,0,326
133513315,John B. Stetson Charter School,CS,Philadelphia,8149,John B. Stetson Charter School,M,0,0,0,0,0,0,0,0,0,0,0,0,0,63,91,0,126,129,0,0,0,0,0,409
126510013,KIPP Philadelphia Charter School,CS,Philadelphia,7776,KIPP Philadelphia Charter School,F,0,0,0,0,0,0,0,0,39,34,40,0,0,41,52,0,56,37,59,54,45,4,0,461
126510013,KIPP Philadelphia Charter School,CS,Philadelphia,7776,KIPP Philadelphia Charter School,M,0,0,0,0,0,0,0,0,36,41,35,0,0,55,43,0,39,39,67,45,33,1,0,434
172510793,KIPP West Philadelphia Preparatory Chart,CS,Philadelphia,8124,KIPP West Philadelphia Preparatory Chart,F,0,0,0,0,0,0,0,0,0,0,0,0,0,44,46,0,41,35,0,0,0,0,0,166
172510793,KIPP West Philadelphia Preparatory Chart,CS,Philadelphia,8124,KIPP West Philadelphia Preparatory Chart,M,0,0,0,0,0,0,0,0,0,0,0,0,0,47,42,0,43,37,0,0,0,0,0,169
126510017,Khepera CS,CS,Philadelphia,7826,Khepera CS,F,0,0,0,0,0,0,0,0,25,27,23,33,27,22,28,0,35,32,0,0,0,0,0,252
126510017,Khepera CS,CS,Philadelphia,7826,Khepera CS,M,0,0,0,0,0,0,0,0,25,27,27,21,24,29,20,0,15,15,0,0,0,0,0,203
126513110,Laboratory CS,CS,Philadelphia,7565,Laboratory CS,F,0,0,0,0,0,0,0,0,32,42,25,19,27,27,28,0,23,19,0,0,0,0,0,242
126513110,Laboratory CS,CS,Philadelphia,7565,Laboratory CS,M,0,0,0,0,0,0,0,0,29,35,20,28,16,26,15,0,19,16,0,0,0,0,0,204
126513150,MAST Community Charter School,CS,Philadelphia,7574,MAST Community Charter School,F,0,0,0,0,0,0,0,0,58,43,42,42,44,60,50,0,58,58,48,58,48,45,0,654
126513150,MAST Community Charter School,CS,Philadelphia,7574,MAST Community Charter School,M,0,0,0,0,0,0,0,0,46,38,42,41,39,52,60,0,52,54,60,58,54,56,0,652
126513480,Mariana Bracetti Academy CS,CS,Philadelphia,7672,Mariana Bracetti Academy CS,F,0,0,0,0,0,0,0,0,0,0,0,0,0,0,89,0,104,116,114,96,90,60,0,669
126513480,Mariana Bracetti Academy CS,CS,Philadelphia,7672,Mariana Bracetti Academy CS,M,0,0,0,0,0,0,0,0,0,0,0,0,0,0,81,0,85,87,96,79,83,61,0,572
126510014,Maritime Academy Charter School,CS,Philadelphia,7777,Maritime Academy CS,F,0,0,0,0,0,0,0,0,0,0,0,0,22,30,51,0,77,95,49,32,29,29,0,414
126510014,Maritime Academy Charter School,CS,Philadelphia,7777,Maritime Academy CS,M,0,0,0,0,0,0,0,0,0,0,0,0,22,25,57,0,53,52,47,34,41,28,0,359
126519644,Mastery CS-Cleveland Elementary,CS,Philadelphia,8259,Mastery CS-Cleveland Elementary,F,0,0,0,0,0,0,0,0,47,52,44,46,38,43,23,0,30,32,0,0,0,0,0,355
126519644,Mastery CS-Cleveland Elementary,CS,Philadelphia,8259,Mastery CS-Cleveland Elementary,M,0,0,0,0,0,0,0,0,38,29,43,39,44,29,38,0,43,35,0,0,0,0,0,338
126511748,Mastery CS-Clymer Elementary,CS,Philadelphia,8208,Mastery CS-Clymer Elementary,F,0,0,0,0,0,0,0,0,41,26,24,26,26,21,29,0,30,24,0,0,0,0,0,247
126511748,Mastery CS-Clymer Elementary,CS,Philadelphia,8208,Mastery CS-Clymer Elementary,M,0,0,0,0,0,0,0,0,42,34,31,26,35,31,21,0,29,21,0,0,0,0,0,270
126513734,Mastery CS-Gratz Campus,CS,Philadelphia,8207,Mastery CS-Gratz Campus,F,0,0,0,0,0,0,0,0,0,0,0,0,0,0,0,0,0,0,140,155,117,114,0,526
126513734,Mastery CS-Gratz Campus,CS,Philadelphia,8207,Mastery CS-Gratz Campus,M,0,0,0,0,0,0,0,0,0,0,0,0,0,0,0,0,0,0,209,166,101,118,0,594
126516457,Mastery CS-Harrity Campus,CS,Philadelphia,8153,Mastery CS-Harrity Campus,F,0,0,0,0,0,0,0,0,55,45,53,42,54,35,40,0,36,46,0,0,0,0,0,406
126516457,Mastery CS-Harrity Campus,CS,Philadelphia,8153,Mastery CS-Harrity Campus,M,0,0,0,0,0,0,0,0,41,51,55,64,54,46,63,0,45,35,0,0,0,0,0,454
126519433,Mastery CS-Mann Campus,CS,Philadelphia,8152,Mastery Charter School Mann Campus,F,0,0,0,0,0,0,0,0,35,39,43,34,38,29,34,0,0,0,0,0,0,0,0,252
126519433,Mastery CS-Mann Campus,CS,Philadelphia,8152,Mastery Charter School Mann Campus,M,0,0,0,0,0,0,0,0,40,41,38,43,35,48,33,0,0,0,0,0,0,0,0,278
151514721,Mastery CS-Pickett Campus,CS,Philadelphia,7961,Mastery CS-Pickett Campus,F,0,0,0,0,0,0,0,0,0,0,0,0,0,0,0,0,58,70,52,70,57,39,0,346
151514721,Mastery CS-Pickett Campus,CS,Philadelphia,7961,Mastery CS-Pickett Campus,M,0,0,0,0,0,0,0,0,0,0,0,0,0,0,0,0,86,62,89,43,52,51,0,383
126510022,Mastery CS-Shoemaker Campus,CS,Philadelphia,7909,Mastery CS -Shoemaker Campus,F,0,0,0,0,0,0,0,0,0,0,0,0,0,0,0,0,63,67,63,57,64,57,0,371
126510022,Mastery CS-Shoemaker Campus,CS,Philadelphia,7909,Mastery CS -Shoemaker Campus,M,0,0,0,0,0,0,0,0,0,0,0,0,0,0,0,0,66,67,67,44,59,47,0,350
126517286,Mastery CS-Smedley Campus,CS,Philadelphia,8151,Mastery CS-Smedley Campus,F,0,0,0,0,0,0,0,0,56,46,57,43,53,41,35,0,0,0,0,0,0,0,0,331
126517286,Mastery CS-Smedley Campus,CS,Philadelphia,8151,Mastery CS-Smedley Campus,M,0,0,0,0,0,0,0,0,52,69,52,61,56,60,51,0,0,0,0,0,0,0,0,401
126510023,Mastery CS-Thomas Campus,CS,Philadelphia,7910,Mastery CS - Thomas Campus,F,0,0,0,0,0,0,0,0,0,0,0,0,0,0,0,0,61,55,77,64,42,32,0,331
126510023,Mastery CS-Thomas Campus,CS,Philadelphia,7910,Mastery CS - Thomas Campus,M,0,0,0,0,0,0,0,0,0,0,0,0,0,0,0,0,50,57,67,47,55,33,0,309
126510002,Mastery Charter High School,CS,Philadelphia,7678,Mastery Charter High School,F,0,0,0,0,0,0,0,0,0,0,0,0,0,0,0,0,50,48,56,46,41,52,0,293
126510002,Mastery Charter High School,CS,Philadelphia,7678,Mastery Charter High School,M,0,0,0,0,0,0,0,0,0,0,0,0,0,0,0,0,60,47,34,41,40,26,0,248
126513230,Math Civics and Sciences CS,CS,Philadelphia,7582,Math Civics and Sciences CS,F,0,0,0,0,0,0,0,0,0,38,43,45,56,48,44,0,40,46,38,45,39,35,0,517
126513230,Math Civics and Sciences CS,CS,Philadelphia,7582,Math Civics and Sciences CS,M,0,0,0,0,0,0,0,0,0,43,38,37,35,31,36,0,39,28,34,30,32,30,0,413
126519392,Memphis Street Academy CS @ JP Jones,CS,Philadelphia,8257,Memphis Street Academy CS @ JP Jones,F,0,0,0,0,0,0,0,0,0,0,0,0,0,70,82,0,95,93,0,0,0,0,0,340
126519392,Memphis Street Academy CS @ JP Jones,CS,Philadelphia,8257,Memphis Street Academy CS @ JP Jones,M,0,0,0,0,0,0,0,0,0,0,0,0,0,78,120,0,120,121,0,0,0,0,0,439
126513000,Multi-Cultural Academy CS,CS,Philadelphia,7546,Multi-Cultural Academy CS,F,0,0,0,0,0,0,0,0,0,0,0,0,0,0,0,0,0,0,41,41,38,36,0,156
126513000,Multi-Cultural Academy CS,CS,Philadelphia,7546,Multi-Cultural Academy CS,M,0,0,0,0,0,0,0,0,0,0,0,0,0,0,0,0,0,0,23,31,16,21,0,91
126513420,New Foundations CS,CS,Philadelphia,7649,New Foundations CS,F,0,0,0,0,0,0,0,0,35,34,39,41,41,42,35,0,44,42,97,52,54,0,0,556
126513420,New Foundations CS,CS,Philadelphia,7649,New Foundations CS,M,0,0,0,0,0,0,0,0,31,43,37,33,37,36,41,0,35,34,72,60,52,0,0,511
126510018,New Media Technology CS,CS,Philadelphia,7829,New Media Technology CS,F,0,0,0,0,0,0,0,0,0,0,0,0,0,0,10,0,26,22,44,41,28,29,0,200
126510018,New Media Technology CS,CS,Philadelphia,7829,New Media Technology CS,M,0,0,0,0,0,0,0,0,0,0,0,0,0,0,15,0,21,24,33,49,34,29,0,205
126510019,Northwood Academy CS,CS,Philadelphia,7856,Northwood Academy CS,F,0,0,0,0,0,0,0,0,50,45,52,36,50,49,49,0,40,42,0,0,0,0,0,413
126510019,Northwood Academy CS,CS,Philadelphia,7856,Northwood Academy CS,M,0,0,0,0,0,0,0,0,42,44,44,53,40,36,38,0,37,33,0,0,0,0,0,367
126513452,Olney Charter High School,CS,Philadelphia,8205,Olney Charter High School,F,0,0,0,0,0,0,0,0,0,0,0,0,0,0,0,0,0,0,231,249,170,110,0,760
126513452,Olney Charter High School,CS,Philadelphia,8205,Olney Charter High School,M,0,0,0,0,0,0,0,0,0,0,0,0,0,0,0,0,0,0,323,308,215,122,0,968
173515368,Pan American Academy CS,CS,Philadelphia,7985,Pan American Academy CS,F,0,0,0,0,0,0,0,0,56,68,46,44,36,42,40,0,34,22,0,0,0,0,0,388
173515368,Pan American Academy CS,CS,Philadelphia,7985,Pan American Academy CS,M,0,0,0,0,0,0,0,0,70,57,31,31,21,43,37,0,21,26,0,0,0,0,0,337
126510004,People for People CS,CS,Philadelphia,7685,People for People CS,F,0,0,0,0,0,0,0,0,40,50,43,30,33,33,27,0,22,27,0,0,0,0,0,305
126510004,People for People CS,CS,Philadelphia,7685,People for People CS,M,0,0,0,0,0,0,0,0,30,41,31,26,26,24,22,0,20,20,0,0,0,0,0,240
126513280,Philadelphia Academy CS,CS,Philadelphia,7587,Philadelphia Academy CS,F,0,0,0,0,0,0,0,0,37,37,29,47,36,34,43,0,40,42,49,62,46,57,0,559
126513280,Philadelphia Academy CS,CS,Philadelphia,7587,Philadelphia Academy CS,M,0,0,0,0,0,0,0,0,31,33,40,23,36,36,55,0,52,47,78,63,61,68,0,623
126515001,Philadelphia City SD,SD,Philadelphia,7904,Academy at Palumbo,F,0,0,0,0,0,0,0,0,0,0,0,0,0,0,0,0,0,0,101,132,111,74,0,418
126515001,Philadelphia City SD,SD,Philadelphia,7904,Academy at Palumbo,M,0,0,0,0,0,0,0,0,0,0,0,0,0,0,0,0,0,0,103,76,64,55,0,298
126515001,Philadelphia City SD,SD,Philadelphia,7256,Adaire Alexander Sch,F,0,0,0,0,0,0,0,0,16,19,23,13,33,32,23,0,19,19,0,0,0,0,0,197
126515001,Philadelphia City SD,SD,Philadelphia,7256,Adaire Alexander Sch,M,0,0,0,0,0,0,0,0,14,22,26,24,23,27,20,0,19,32,0,0,0,0,0,207
126515001,Philadelphia City SD,SD,Philadelphia,3617,Alcorn James Sch,F,0,0,0,0,0,0,0,0,21,32,33,32,24,17,24,0,18,26,0,0,0,0,0,227
126515001,Philadelphia City SD,SD,Philadelphia,3617,Alcorn James Sch,M,0,0,0,0,0,0,0,0,33,41,30,29,27,28,29,0,22,32,0,0,0,0,0,271
126515001,Philadelphia City SD,SD,Philadelphia,5292,Allen Dr Ethel Sch,F,0,0,9,0,0,0,0,0,31,28,32,28,27,20,22,0,22,15,0,0,0,0,0,234
126515001,Philadelphia City SD,SD,Philadelphia,5292,Allen Dr Ethel Sch,M,0,0,9,0,0,0,0,0,32,34,31,23,40,20,28,0,27,15,0,0,0,0,0,259
126515001,Philadelphia City SD,SD,Philadelphia,3758,Allen Ethan Sch,F,0,0,0,0,0,0,0,0,51,50,48,56,44,42,32,0,54,46,0,0,0,0,0,423
126515001,Philadelphia City SD,SD,Philadelphia,3758,Allen Ethan Sch,M,0,0,0,0,0,0,0,0,42,44,46,43,53,58,49,0,46,52,0,0,0,0,0,433
126515001,Philadelphia City SD,SD,Philadelphia,6823,Amy At Martin,F,0,0,0,0,0,0,0,0,0,0,0,0,0,0,70,0,69,73,0,0,0,0,0,212
126515001,Philadelphia City SD,SD,Philadelphia,6823,Amy At Martin,M,0,0,0,0,0,0,0,0,0,0,0,0,0,0,54,0,71,60,0,0,0,0,0,185
126515001,Philadelphia City SD,SD,Philadelphia,7024,Amy NW,F,0,0,0,0,0,0,0,0,0,0,0,0,0,0,46,0,56,39,0,0,0,0,0,141
126515001,Philadelphia City SD,SD,Philadelphia,7024,Amy NW,M,0,0,0,0,0,0,0,0,0,0,0,0,0,0,43,0,48,38,0,0,0,0,0,129
126515001,Philadelphia City SD,SD,Philadelphia,3804,Anderson Add B Sch,F,0,0,9,0,0,0,0,0,40,34,37,32,25,25,25,0,23,23,0,0,0,0,0,273
126515001,Philadelphia City SD,SD,Philadelphia,3804,Anderson Add B Sch,M,0,0,11,0,0,0,0,0,38,40,33,31,35,33,35,0,31,37,0,0,0,0,0,324
126515001,Philadelphia City SD,SD,Philadelphia,3805,Arthur Chester A Sch,F,0,0,0,0,0,0,0,0,13,11,13,18,8,13,12,0,11,9,0,0,0,0,0,108
126515001,Philadelphia City SD,SD,Philadelphia,3805,Arthur Chester A Sch,M,0,0,0,0,0,0,0,0,18,10,9,11,15,9,6,0,9,13,0,0,0,0,0,100
126515001,Philadelphia City SD,SD,Philadelphia,8039,Arts Academy at Benjamin Rush,F,0,0,0,0,0,0,0,0,0,0,0,0,0,0,0,0,0,0,132,103,81,83,0,399
126515001,Philadelphia City SD,SD,Philadelphia,8039,Arts Academy at Benjamin Rush,M,0,0,0,0,0,0,0,0,0,0,0,0,0,0,0,0,0,0,53,34,31,37,0,155
126515001,Philadelphia City SD,SD,Philadelphia,3618,Bache-Martin Sch,F,0,0,20,0,0,0,0,0,25,17,22,24,19,27,27,0,17,28,0,0,0,0,0,226
126515001,Philadelphia City SD,SD,Philadelphia,3618,Bache-Martin Sch,M,0,0,17,0,0,0,0,0,30,20,16,18,17,21,21,0,14,23,0,0,0,0,0,197
126515001,Philadelphia City SD,SD,Philadelphia,6824,Baldi C C A MS,F,0,0,0,0,0,0,0,0,0,0,0,0,0,0,165,0,218,177,0,0,0,0,0,560
126515001,Philadelphia City SD,SD,Philadelphia,6824,Baldi C C A MS,M,0,0,0,0,0,0,0,0,0,0,0,0,0,0,224,0,224,218,0,0,0,0,0,666
126515001,Philadelphia City SD,SD,Philadelphia,8029,Barry Comm John Sch,F,0,0,21,0,0,0,0,0,57,56,54,46,50,39,45,0,46,37,0,0,0,0,0,451
126515001,Philadelphia City SD,SD,Philadelphia,8029,Barry Comm John Sch,M,0,0,14,0,0,0,0,0,62,61,40,49,45,37,38,0,25,30,0,0,0,0,0,401
126515001,Philadelphia City SD,SD,Philadelphia,3732,Barton Clara Sch,F,0,0,0,0,0,0,0,0,138,144,124,0,0,0,0,0,0,0,0,0,0,0,0,406
126515001,Philadelphia City SD,SD,Philadelphia,3732,Barton Clara Sch,M,0,0,0,0,0,0,0,0,132,128,126,0,0,0,0,0,0,0,0,0,0,0,0,386
126515001,Philadelphia City SD,SD,Philadelphia,3847,Bartram John - Main,F,0,0,0,0,0,0,0,0,0,0,0,0,0,0,0,0,0,0,99,98,93,122,0,412
126515001,Philadelphia City SD,SD,Philadelphia,3847,Bartram John - Main,M,0,0,0,0,0,0,0,0,0,0,0,0,0,0,0,0,0,0,127,142,132,141,0,542
126515001,Philadelphia City SD,SD,Philadelphia,7238,Beeber Dimner MS,F,0,0,0,0,0,0,0,0,0,0,0,0,0,0,9,0,60,53,0,0,0,0,0,122
126515001,Philadelphia City SD,SD,Philadelphia,7238,Beeber Dimner MS,M,0,0,0,0,0,0,0,0,0,0,0,0,0,0,20,0,73,68,0,0,0,0,0,161
126515001,Philadelphia City SD,SD,Philadelphia,5183,Bethune Mary McLeod Sch,F,0,0,20,0,0,0,0,0,57,48,37,32,36,40,33,0,22,35,0,0,0,0,0,360
126515001,Philadelphia City SD,SD,Philadelphia,5183,Bethune Mary McLeod Sch,M,0,0,16,0,0,0,0,0,46,43,45,44,45,32,26,0,40,40,0,0,0,0,0,377
126515001,Philadelphia City SD,SD,Philadelphia,3662,Blaine James G Sch,F,0,0,15,0,0,0,0,0,21,14,17,25,11,9,14,0,16,10,0,0,0,0,0,152
126515001,Philadelphia City SD,SD,Philadelphia,3662,Blaine James G Sch,M,0,0,12,0,0,0,0,0,21,14,26,23,11,13,26,0,13,14,0,0,0,0,0,173
126515001,Philadelphia City SD,SD,Philadelphia,3663,Blankenburg Rudolph Sch,F,0,0,14,0,0,0,0,0,21,24,18,30,26,27,22,0,25,8,0,0,0,0,0,215
126515001,Philadelphia City SD,SD,Philadelphia,3663,Blankenburg Rudolph Sch,M,0,0,19,0,0,0,0,0,24,23,31,23,27,21,27,0,24,25,0,0,0,0,0,244
126515001,Philadelphia City SD,SD,Philadelphia,7070,Bodine William W HS,F,0,0,0,0,0,0,0,0,0,0,0,0,0,0,0,0,0,0,78,85,78,67,0,308
126515001,Philadelphia City SD,SD,Philadelphia,7070,Bodine William W HS,M,0,0,0,0,0,0,0,0,0,0,0,0,0,0,0,0,0,0,53,61,52,40,0,206
126515001,Philadelphia City SD,SD,Philadelphia,3840,Bok Edw W Technical High School,F,0,0,0,0,0,0,0,0,0,0,0,0,0,0,0,0,0,0,110,67,98,72,0,347
126515001,Philadelphia City SD,SD,Philadelphia,3840,Bok Edw W Technical High School,M,0,0,0,0,0,0,0,0,0,0,0,0,0,0,0,0,0,0,177,117,127,105,0,526
126515001,Philadelphia City SD,SD,Philadelphia,3620,Bregy F Amedee Sch,F,0,0,18,0,0,0,0,0,19,22,25,18,16,22,28,0,15,18,0,0,0,0,0,201
126515001,Philadelphia City SD,SD,Philadelphia,3620,Bregy F Amedee Sch,M,0,0,11,0,0,0,0,0,30,29,23,18,18,23,27,0,21,26,0,0,0,0,0,226
126515001,Philadelphia City SD,SD,Philadelphia,3745,Bridesburg Sch,F,0,0,0,0,0,0,0,0,38,28,35,34,24,23,0,0,0,0,0,0,0,0,0,182
126515001,Philadelphia City SD,SD,Philadelphia,3745,Bridesburg Sch,M,0,0,0,0,0,0,0,0,41,42,32,40,33,31,0,0,0,0,0,0,0,0,0,219
126515001,Philadelphia City SD,SD,Philadelphia,3684,Brown Henry A Sch,F,0,0,18,0,0,0,0,0,35,21,27,35,34,27,33,0,18,18,0,0,0,0,0,266
126515001,Philadelphia City SD,SD,Philadelphia,3684,Brown Henry A Sch,M,0,0,19,0,0,0,0,0,43,46,38,36,33,22,39,0,33,23,0,0,0,0,0,332
126515001,Philadelphia City SD,SD,Philadelphia,6529,Brown Joseph H Sch,F,0,0,0,0,0,0,0,0,41,54,32,45,32,31,34,0,0,0,0,0,0,0,0,269
126515001,Philadelphia City SD,SD,Philadelphia,6529,Brown Joseph H Sch,M,0,0,0,0,0,0,0,0,42,43,45,36,34,38,31,0,0,0,0,0,0,0,0,269
126515001,Philadelphia City SD,SD,Philadelphia,3601,Bryant William C Sch,F,0,0,25,0,0,0,0,0,34,30,27,28,29,25,15,0,26,12,0,0,0,0,0,251
126515001,Philadelphia City SD,SD,Philadelphia,3601,Bryant William C Sch,M,0,0,33,0,0,0,0,0,33,18,27,29,25,18,30,0,43,27,0,0,0,0,0,283
126515001,Philadelphia City SD,SD,Philadelphia,7230,Carnell Laura H Sch,F,0,0,0,0,0,0,0,0,74,100,93,77,77,81,88,0,85,81,0,0,0,0,0,756
126515001,Philadelphia City SD,SD,Philadelphia,7230,Carnell Laura H Sch,M,0,0,0,0,0,0,0,0,94,102,107,101,90,102,81,0,85,72,0,0,0,0,0,834
126515001,Philadelphia City SD,SD,Philadelphia,4728,Carroll Charles Sch,F,0,0,16,0,0,0,0,0,0,0,0,0,0,0,0,0,0,0,46,41,30,31,0,164
126515001,Philadelphia City SD,SD,Philadelphia,4728,Carroll Charles Sch,M,0,0,17,0,0,0,0,0,0,0,0,0,0,0,0,0,0,0,64,48,33,37,0,199
126515001,Philadelphia City SD,SD,Philadelphia,7023,Carver HS,F,0,0,0,0,0,0,0,0,0,0,0,0,0,0,0,0,0,0,81,80,82,80,0,323
126515001,Philadelphia City SD,SD,Philadelphia,7023,Carver HS,M,0,0,0,0,0,0,0,0,0,0,0,0,0,0,0,0,0,0,137,96,101,93,0,427
126515001,Philadelphia City SD,SD,Philadelphia,3664,Cassidy Lewis C AC Plus Sch,F,0,0,0,0,0,0,0,0,32,55,41,37,51,39,38,0,0,0,0,0,0,0,0,293
126515001,Philadelphia City SD,SD,Philadelphia,3664,Cassidy Lewis C AC Plus Sch,M,0,0,0,0,0,0,0,0,52,40,49,47,36,43,49,0,0,0,0,0,0,0,0,316
126515001,Philadelphia City SD,SD,Philadelphia,3602,Catharine Joseph Sch,F,0,0,23,0,0,0,0,0,57,53,48,49,51,25,0,0,0,0,0,0,0,0,0,306
126515001,Philadelphia City SD,SD,Philadelphia,3602,Catharine Joseph Sch,M,0,0,10,0,0,0,0,0,55,57,57,40,51,44,0,0,0,0,0,0,0,0,0,314
126515001,Philadelphia City SD,SD,Philadelphia,7404,Cayuga School,F,0,0,0,0,0,0,0,0,33,29,33,33,29,36,0,0,0,0,0,0,0,0,0,193
126515001,Philadelphia City SD,SD,Philadelphia,7404,Cayuga School,M,0,0,0,0,0,0,0,0,38,31,35,41,32,32,0,0,0,0,0,0,0,0,0,209
126515001,Philadelphia City SD,SD,Philadelphia,3848,Central HS,F,0,0,0,0,0,0,0,0,0,0,0,0,0,0,0,0,0,0,269,291,313,326,0,"1,199"
126515001,Philadelphia City SD,SD,Philadelphia,3848,Central HS,M,0,0,0,0,0,0,0,0,0,0,0,0,0,0,0,0,0,0,287,281,271,291,0,"1,130"
126515001,Philadelphia City SD,SD,Philadelphia,3622,Childs George W Sch,F,0,0,31,0,0,0,0,0,28,31,24,33,32,26,23,0,30,30,0,0,0,0,0,288
126515001,Philadelphia City SD,SD,Philadelphia,3622,Childs George W Sch,M,0,0,29,0,0,0,0,0,35,29,34,35,34,33,41,0,42,19,0,0,0,0,0,331
126515001,Philadelphia City SD,SD,Philadelphia,6767,Clemente Roberto MS,F,0,0,0,0,0,0,0,0,0,0,0,0,0,0,82,0,89,97,0,0,0,0,0,268
126515001,Philadelphia City SD,SD,Philadelphia,6767,Clemente Roberto MS,M,0,0,0,0,0,0,0,0,0,0,0,0,0,0,73,0,100,99,0,0,0,0,0,272
126515001,Philadelphia City SD,SD,Philadelphia,3666,Cleveland Grover Sch,F,0,0,19,0,0,0,0,0,0,0,0,0,0,0,0,0,0,0,0,0,0,0,0,19
126515001,Philadelphia City SD,SD,Philadelphia,3666,Cleveland Grover Sch,M,0,0,20,0,0,0,0,0,0,0,0,0,0,0,0,0,0,0,0,0,0,0,0,20
126515001,Philadelphia City SD,SD,Philadelphia,3782,Comegys Benjamin B Sch,F,0,0,11,0,0,0,0,0,39,42,28,28,33,22,24,0,0,0,0,0,0,0,0,227
126515001,Philadelphia City SD,SD,Philadelphia,3782,Comegys Benjamin B Sch,M,0,0,9,0,0,0,0,0,27,38,34,37,33,26,28,0,0,0,0,0,0,0,0,232
126515001,Philadelphia City SD,SD,Philadelphia,3760,Comly Watson Sch,F,0,0,0,0,0,0,0,0,47,41,45,39,37,38,0,0,0,0,0,0,0,0,0,247
126515001,Philadelphia City SD,SD,Philadelphia,3760,Comly Watson Sch,M,0,0,0,0,0,0,0,0,45,51,41,45,35,42,0,0,0,0,0,0,0,0,0,259
126515001,Philadelphia City SD,SD,Philadelphia,7781,Communications Technology HS,F,0,0,0,0,0,0,0,0,0,0,0,0,0,0,0,0,0,0,31,31,28,33,0,123
126515001,Philadelphia City SD,SD,Philadelphia,7781,Communications Technology HS,M,0,0,0,0,0,0,0,0,0,0,0,0,0,0,0,0,0,0,45,44,33,46,0,168
126515001,Philadelphia City SD,SD,Philadelphia,7905,Constitution HS,F,0,0,0,0,0,0,0,0,0,0,0,0,0,0,0,0,0,0,51,51,53,54,0,209
126515001,Philadelphia City SD,SD,Philadelphia,7905,Constitution HS,M,0,0,0,0,0,0,0,0,0,0,0,0,0,0,0,0,0,0,41,46,47,37,0,171
126515001,Philadelphia City SD,SD,Philadelphia,6525,Conwell Russell MS,F,0,0,0,0,0,0,0,0,0,0,0,0,0,61,88,0,121,105,0,0,0,0,0,375
126515001,Philadelphia City SD,SD,Philadelphia,6525,Conwell Russell MS,M,0,0,0,0,0,0,0,0,0,0,0,0,0,61,61,0,79,100,0,0,0,0,0,301
126515001,Philadelphia City SD,SD,Philadelphia,5122,Cook-Wissahickon Sch,F,0,0,12,0,0,0,0,0,23,28,20,30,44,27,19,0,26,29,0,0,0,0,0,258
126515001,Philadelphia City SD,SD,Philadelphia,5122,Cook-Wissahickon Sch,M,0,0,9,0,0,0,0,0,38,30,25,45,37,23,29,0,22,24,0,0,0,0,0,282
126515001,Philadelphia City SD,SD,Philadelphia,7239,Cooke Jay MS,F,0,0,0,0,0,0,0,0,20,25,22,16,21,17,28,0,17,19,0,0,0,0,0,185
126515001,Philadelphia City SD,SD,Philadelphia,7239,Cooke Jay MS,M,0,0,0,0,0,0,0,0,21,24,26,24,29,21,23,0,23,25,0,0,0,0,0,216
126515001,Philadelphia City SD,SD,Philadelphia,5123,Cramp William Sch,F,0,0,0,0,0,0,0,0,45,44,49,53,52,46,39,0,0,0,0,0,0,0,0,328
126515001,Philadelphia City SD,SD,Philadelphia,5123,Cramp William Sch,M,0,0,0,0,0,0,0,0,46,66,50,44,50,49,43,0,0,0,0,0,0,0,0,348
126515001,Philadelphia City SD,SD,Philadelphia,6996,Creative and Performing Arts,F,0,0,0,0,0,0,0,0,0,0,0,0,0,0,0,0,0,0,129,123,122,123,0,497
126515001,Philadelphia City SD,SD,Philadelphia,6996,Creative and Performing Arts,M,0,0,0,0,0,0,0,0,0,0,0,0,0,0,0,0,0,0,50,55,52,48,0,205
126515001,Philadelphia City SD,SD,Philadelphia,3762,Crossan Kennedy C Sch,F,0,0,0,0,0,0,0,0,30,31,32,32,27,28,0,0,0,0,0,0,0,0,0,180
126515001,Philadelphia City SD,SD,Philadelphia,3762,Crossan Kennedy C Sch,M,0,0,0,0,0,0,0,0,30,27,34,21,35,25,0,0,0,0,0,0,0,0,0,172
126515001,Philadelphia City SD,SD,Philadelphia,3706,Day Anna B Sch,F,0,0,19,0,0,0,0,0,25,31,26,23,22,33,20,0,16,24,0,0,0,0,0,239
126515001,Philadelphia City SD,SD,Philadelphia,3706,Day Anna B Sch,M,0,0,18,0,0,0,0,0,29,26,24,34,27,25,26,0,31,24,0,0,0,0,0,264
126515001,Philadelphia City SD,SD,Philadelphia,7175,DeBurgos Bilingual Magnet MS,F,0,0,17,0,0,0,0,0,28,28,26,25,27,50,50,0,52,34,0,0,0,0,0,337
126515001,Philadelphia City SD,SD,Philadelphia,7175,DeBurgos Bilingual Magnet MS,M,0,0,22,0,0,0,0,0,29,28,26,27,31,47,39,0,45,45,0,0,0,0,0,339
126515001,Philadelphia City SD,SD,Philadelphia,4727,Decatur Stephen Sch,F,0,0,0,0,0,0,0,0,54,64,54,48,54,39,44,0,52,59,0,0,0,0,0,468
126515001,Philadelphia City SD,SD,Philadelphia,4727,Decatur Stephen Sch,M,0,0,0,0,0,0,0,0,66,62,65,71,54,62,65,0,50,53,0,0,0,0,0,548
126515001,Philadelphia City SD,SD,Philadelphia,3786,Dick William Sch,F,0,0,8,0,0,0,0,0,16,23,23,23,12,19,11,0,11,21,0,0,0,0,0,167
126515001,Philadelphia City SD,SD,Philadelphia,3786,Dick William Sch,M,0,0,9,0,0,0,0,0,22,23,28,18,12,15,17,0,17,19,0,0,0,0,0,180
126515001,Philadelphia City SD,SD,Philadelphia,3763,Disston Hamilton Sch,F,0,0,0,0,0,0,0,0,49,49,61,40,44,35,46,0,48,55,0,0,0,0,0,427
126515001,Philadelphia City SD,SD,Philadelphia,3763,Disston Hamilton Sch,M,0,0,0,0,0,0,0,0,51,59,40,48,50,52,41,0,42,64,0,0,0,0,0,447
126515001,Philadelphia City SD,SD,Philadelphia,3841,Dobbins AVT HS,F,0,0,0,0,0,0,0,0,0,0,0,0,0,0,0,0,0,0,143,115,86,77,0,421
126515001,Philadelphia City SD,SD,Philadelphia,3841,Dobbins AVT HS,M,0,0,0,0,0,0,0,0,0,0,0,0,0,0,0,0,0,0,116,67,66,49,0,298
126515001,Philadelphia City SD,SD,Philadelphia,3726,Dobson James Sch,F,0,0,0,0,0,0,0,0,18,9,12,14,24,15,19,0,19,17,0,0,0,0,0,147
126515001,Philadelphia City SD,SD,Philadelphia,3726,Dobson James Sch,M,0,0,0,0,0,0,0,0,18,11,14,13,9,12,16,0,21,21,0,0,0,0,0,135
126515001,Philadelphia City SD,SD,Philadelphia,3787,Douglas Stephen A Sch,F,0,0,0,0,0,0,0,0,0,0,0,0,0,0,0,0,0,0,27,36,23,24,0,110
126515001,Philadelphia City SD,SD,Philadelphia,3787,Douglas Stephen A Sch,M,0,0,0,0,0,0,0,0,0,0,0,0,0,0,0,0,0,0,48,37,26,30,0,141
126515001,Philadelphia City SD,SD,Philadelphia,3604,Drew Charles R Sch,F,0,0,36,0,0,0,0,0,0,0,0,0,0,0,0,0,0,0,0,0,0,0,0,36
126515001,Philadelphia City SD,SD,Philadelphia,3604,Drew Charles R Sch,M,0,0,44,0,0,0,0,0,0,0,0,0,0,0,0,0,0,0,0,0,0,0,0,44
126515001,Philadelphia City SD,SD,Philadelphia,5040,Duckrey Tanner Sch,F,0,0,31,0,0,0,0,0,12,14,23,20,14,12,9,0,16,6,0,0,0,0,0,157
126515001,Philadelphia City SD,SD,Philadelphia,5040,Duckrey Tanner Sch,M,0,0,34,0,0,0,0,0,31,23,17,15,17,15,13,0,7,13,0,0,0,0,0,185
126515001,Philadelphia City SD,SD,Philadelphia,3687,Dunbar Paul L Sch,F,0,0,17,0,0,0,0,0,15,12,13,14,11,12,14,0,9,10,0,0,0,0,0,127
126515001,Philadelphia City SD,SD,Philadelphia,3687,Dunbar Paul L Sch,M,0,0,17,0,0,0,0,0,10,21,15,13,12,14,7,0,12,12,0,0,0,0,0,133
126515001,Philadelphia City SD,SD,Philadelphia,3849,Edison HS/Fareira Skills,F,0,0,11,0,0,0,0,0,0,0,0,0,0,0,0,0,0,0,163,159,130,122,0,585
126515001,Philadelphia City SD,SD,Philadelphia,3849,Edison HS/Fareira Skills,M,0,0,9,0,0,0,0,0,0,0,0,0,0,0,0,0,0,0,215,169,163,133,0,689
126515001,Philadelphia City SD,SD,Philadelphia,3708,Edmonds Franklin S Sch,F,0,0,18,0,0,0,0,0,38,35,42,44,37,32,16,0,0,0,0,0,0,0,0,262
126515001,Philadelphia City SD,SD,Philadelphia,3708,Edmonds Franklin S Sch,M,0,0,21,0,0,0,0,0,53,41,45,38,39,45,42,0,0,0,0,0,0,0,0,324
126515001,Philadelphia City SD,SD,Philadelphia,3688,Elkin Lewis Sch,F,0,0,0,0,0,0,0,0,93,84,79,82,62,0,0,0,0,0,0,0,0,0,0,400
126515001,Philadelphia City SD,SD,Philadelphia,3688,Elkin Lewis Sch,M,0,0,0,0,0,0,0,0,85,94,77,90,58,0,0,0,0,0,0,0,0,0,0,404
126515001,Philadelphia City SD,SD,Philadelphia,3738,Ellwood Sch,F,0,0,0,0,0,0,0,0,25,31,35,23,28,23,0,0,0,0,0,0,0,0,0,165
126515001,Philadelphia City SD,SD,Philadelphia,3738,Ellwood Sch,M,0,0,0,0,0,0,0,0,30,24,34,22,27,33,0,0,0,0,0,0,0,0,0,170
126515001,Philadelphia City SD,SD,Philadelphia,3709,Emlen Eleanor C Sch,F,0,0,19,0,0,0,0,0,48,43,37,51,36,36,39,0,0,0,0,0,0,0,0,309
126515001,Philadelphia City SD,SD,Philadelphia,3709,Emlen Eleanor C Sch,M,0,0,15,0,0,0,0,0,45,42,51,41,50,49,38,0,0,0,0,0,0,0,0,331
126515001,Philadelphia City SD,SD,Philadelphia,5039,Fairhill Sch,F,0,0,17,0,0,0,0,0,34,37,28,31,27,18,18,0,21,24,0,0,0,0,0,255
126515001,Philadelphia City SD,SD,Philadelphia,5039,Fairhill Sch,M,0,0,11,0,0,0,0,0,19,27,31,35,29,28,27,0,22,18,0,0,0,0,0,247
126515001,Philadelphia City SD,SD,Philadelphia,7235,Farrell Louis H Sch,F,0,0,0,0,0,0,0,0,62,70,65,55,45,45,48,0,41,50,0,0,0,0,0,481
126515001,Philadelphia City SD,SD,Philadelphia,7235,Farrell Louis H Sch,M,0,0,0,0,0,0,0,0,60,55,63,59,57,47,61,0,49,52,0,0,0,0,0,503
126515001,Philadelphia City SD,SD,Philadelphia,7226,Fell D Newlin Sch,F,0,0,0,0,0,0,0,0,29,27,30,26,26,46,39,0,30,34,0,0,0,0,0,287
126515001,Philadelphia City SD,SD,Philadelphia,7226,Fell D Newlin Sch,M,0,0,0,0,0,0,0,0,31,35,30,22,29,32,38,0,26,31,0,0,0,0,0,274
126515001,Philadelphia City SD,SD,Philadelphia,3816,Fels Samuel HS,F,0,0,0,0,0,0,0,0,0,0,0,0,0,0,0,0,0,0,176,156,154,136,0,622
126515001,Philadelphia City SD,SD,Philadelphia,3816,Fels Samuel HS,M,0,0,0,0,0,0,0,0,0,0,0,0,0,0,0,0,0,0,236,184,190,130,0,740
126515001,Philadelphia City SD,SD,Philadelphia,3751,Feltonville Intermediate School,F,0,0,0,0,0,0,0,0,0,0,0,102,102,95,0,0,0,0,0,0,0,0,0,299
126515001,Philadelphia City SD,SD,Philadelphia,3751,Feltonville Intermediate School,M,0,0,0,0,0,0,0,0,0,0,0,111,115,99,0,0,0,0,0,0,0,0,0,325
126515001,Philadelphia City SD,SD,Philadelphia,7368,Feltonville Sch of Arts & Sciences,F,0,0,0,0,0,0,0,0,0,0,0,0,0,0,83,0,101,94,0,0,0,0,0,278
126515001,Philadelphia City SD,SD,Philadelphia,7368,Feltonville Sch of Arts & Sciences,M,0,0,0,0,0,0,0,0,0,0,0,0,0,0,120,0,103,109,0,0,0,0,0,332
126515001,Philadelphia City SD,SD,Philadelphia,3690,Ferguson Joseph C Sch,F,0,0,15,0,0,0,0,0,20,22,16,17,21,10,11,0,16,16,0,0,0,0,0,164
126515001,Philadelphia City SD,SD,Philadelphia,3690,Ferguson Joseph C Sch,M,0,0,27,0,0,0,0,0,24,27,18,22,19,17,16,0,11,13,0,0,0,0,0,194
126515001,Philadelphia City SD,SD,Philadelphia,3739,Finletter Thomas K Sch,F,0,0,22,0,0,0,0,0,55,49,42,40,39,41,41,0,42,46,0,0,0,0,0,417
126515001,Philadelphia City SD,SD,Philadelphia,3739,Finletter Thomas K Sch,M,0,0,16,0,0,0,0,0,54,44,47,45,51,41,54,0,38,45,0,0,0,0,0,435
126515001,Philadelphia City SD,SD,Philadelphia,6913,Fitler Academics Plus,F,0,0,0,0,0,0,0,0,0,10,14,21,25,23,23,0,20,25,0,0,0,0,0,161
126515001,Philadelphia City SD,SD,Philadelphia,6913,Fitler Academics Plus,M,0,0,0,0,0,0,0,0,0,6,11,11,15,27,21,0,17,13,0,0,0,0,0,121
126515001,Philadelphia City SD,SD,Philadelphia,3781,Fitzpatrick Aloysius L Sch,F,0,0,10,0,0,0,0,0,60,49,42,54,50,31,33,0,42,42,0,0,0,0,0,413
126515001,Philadelphia City SD,SD,Philadelphia,3781,Fitzpatrick Aloysius L Sch,M,0,0,10,0,0,0,0,0,57,56,56,51,63,53,46,0,33,42,0,0,0,0,0,467
126515001,Philadelphia City SD,SD,Philadelphia,3764,Forrest Edwin Sch,F,0,0,7,0,0,0,0,0,85,77,76,74,70,70,71,0,0,0,0,0,0,0,0,530
126515001,Philadelphia City SD,SD,Philadelphia,3764,Forrest Edwin Sch,M,0,0,13,0,0,0,0,0,71,86,72,105,74,77,60,0,0,0,0,0,0,0,0,558
126515001,Philadelphia City SD,SD,Philadelphia,3765,Fox Chase Sch,F,0,0,0,0,0,0,0,0,41,41,34,39,36,28,0,0,0,0,0,0,0,0,0,219
126515001,Philadelphia City SD,SD,Philadelphia,3765,Fox Chase Sch,M,0,0,0,0,0,0,0,0,53,45,47,37,33,23,0,0,0,0,0,0,0,0,0,238
126515001,Philadelphia City SD,SD,Philadelphia,3803,Frank Anne Sch,F,0,0,24,0,0,0,0,0,71,95,88,90,89,70,0,0,0,0,0,0,0,0,0,527
126515001,Philadelphia City SD,SD,Philadelphia,3803,Frank Anne Sch,M,0,0,24,0,0,0,0,0,76,105,98,106,86,68,0,0,0,0,0,0,0,0,0,563
126515001,Philadelphia City SD,SD,Philadelphia,3850,Frankford HS,F,0,0,0,0,0,0,0,0,0,0,0,0,0,0,0,0,0,0,161,155,144,120,0,580
126515001,Philadelphia City SD,SD,Philadelphia,3850,Frankford HS,M,0,0,0,0,0,0,0,0,0,0,0,0,0,0,0,0,0,0,256,210,207,134,0,807
126515001,Philadelphia City SD,SD,Philadelphia,3851,Franklin Benjamin HS,F,0,0,0,0,0,0,0,0,0,0,0,0,0,0,0,0,0,0,76,71,48,50,0,245
126515001,Philadelphia City SD,SD,Philadelphia,3851,Franklin Benjamin HS,M,0,0,0,0,0,0,0,0,0,0,0,0,0,0,0,0,0,0,106,79,55,61,0,301
126515001,Philadelphia City SD,SD,Philadelphia,7231,Franklin Benjamin Sch,F,0,0,0,0,0,0,0,0,47,52,47,49,61,51,64,0,47,49,0,0,0,0,0,467
126515001,Philadelphia City SD,SD,Philadelphia,7231,Franklin Benjamin Sch,M,0,0,0,0,0,0,0,0,49,53,53,60,68,59,68,0,52,55,0,0,0,0,0,517
126515001,Philadelphia City SD,SD,Philadelphia,6822,Franklin LC,F,0,0,0,0,0,0,0,0,0,0,0,0,0,0,0,0,0,0,0,0,0,0,458,458
126515001,Philadelphia City SD,SD,Philadelphia,6822,Franklin LC,M,0,0,0,0,0,0,0,0,0,0,0,0,0,0,0,0,0,0,0,0,0,0,308,308
126515001,Philadelphia City SD,SD,Philadelphia,3791,Fulton Robert Sch,F,0,0,18,0,0,0,0,0,30,33,30,25,16,23,30,0,0,0,0,0,0,0,0,205
126515001,Philadelphia City SD,SD,Philadelphia,3791,Fulton Robert Sch,M,0,0,14,0,0,0,0,0,22,34,25,20,22,30,24,0,0,0,0,0,0,0,0,191
126515001,Philadelphia City SD,SD,Philadelphia,3818,Furness Horace HS,F,0,0,0,0,0,0,0,0,0,0,0,0,0,0,0,0,0,0,54,56,64,55,0,229
126515001,Philadelphia City SD,SD,Philadelphia,3818,Furness Horace HS,M,0,0,0,0,0,0,0,0,0,0,0,0,0,0,0,0,0,0,96,75,74,76,0,321
126515001,Philadelphia City SD,SD,Philadelphia,7664,Gamp,F,0,0,0,0,0,0,0,0,0,0,0,0,0,39,46,0,37,40,43,30,35,33,0,303
126515001,Philadelphia City SD,SD,Philadelphia,7664,Gamp,M,0,0,0,0,0,0,0,0,0,0,0,0,0,25,21,0,28,26,22,29,28,33,0,212
126515001,Philadelphia City SD,SD,Philadelphia,3852,Germantown HS,F,0,0,26,0,0,0,0,0,0,0,0,0,0,0,0,0,0,0,83,85,79,69,0,342
126515001,Philadelphia City SD,SD,Philadelphia,3852,Germantown HS,M,0,0,31,0,0,0,0,0,0,0,0,0,0,0,0,0,0,0,111,106,84,54,0,386
126515001,Philadelphia City SD,SD,Philadelphia,3625,Gideon Edward Sch,F,0,0,39,0,0,0,0,0,21,18,26,22,14,20,25,0,16,13,0,0,0,0,0,214
126515001,Philadelphia City SD,SD,Philadelphia,3625,Gideon Edward Sch,M,0,0,18,0,0,0,0,0,24,24,20,20,19,15,16,0,13,25,0,0,0,0,0,194
126515001,Philadelphia City SD,SD,Philadelphia,3776,Girard Stephen Sch,F,0,0,0,0,0,0,0,0,56,59,62,55,49,0,0,0,0,0,0,0,0,0,0,281
126515001,Philadelphia City SD,SD,Philadelphia,3776,Girard Stephen Sch,M,0,0,0,0,0,0,0,0,53,74,62,58,62,0,0,0,0,0,0,0,0,0,0,309
126515001,Philadelphia City SD,SD,Philadelphia,3843,Girls HS,F,0,0,0,0,0,0,0,0,0,0,0,0,0,0,0,0,0,0,424,231,260,255,0,"1,170"
126515001,Philadelphia City SD,SD,Philadelphia,3668,Gompers Samuel Sch,F,0,0,0,0,0,0,0,0,28,19,24,33,26,20,23,0,0,0,0,0,0,0,0,173
126515001,Philadelphia City SD,SD,Philadelphia,3668,Gompers Samuel Sch,M,0,0,0,0,0,0,0,0,24,24,29,31,22,34,36,0,0,0,0,0,0,0,0,200
126515001,Philadelphia City SD,SD,Philadelphia,4726,Greenberg Joseph Sch,F,0,0,0,0,0,0,0,0,39,42,44,32,46,41,40,0,46,41,0,0,0,0,0,371
126515001,Philadelphia City SD,SD,Philadelphia,4726,Greenberg Joseph Sch,M,0,0,0,0,0,0,0,0,54,37,30,25,34,37,40,0,44,38,0,0,0,0,0,339
126515001,Philadelphia City SD,SD,Philadelphia,5186,Greenfield Albert M Sch,F,0,0,0,0,0,0,0,0,39,37,29,36,35,32,22,0,21,25,0,0,0,0,0,276
126515001,Philadelphia City SD,SD,Philadelphia,5186,Greenfield Albert M Sch,M,0,0,0,0,0,0,0,0,38,38,48,29,43,22,25,0,27,24,0,0,0,0,0,294
126515001,Philadelphia City SD,SD,Philadelphia,5120,Hackett Horatio B Sch,F,0,0,0,0,0,0,0,0,28,34,20,33,19,34,19,0,0,0,0,0,0,0,0,187
126515001,Philadelphia City SD,SD,Philadelphia,5120,Hackett Horatio B Sch,M,0,0,0,0,0,0,0,0,30,42,35,31,34,26,30,0,0,0,0,0,0,0,0,228
126515001,Philadelphia City SD,SD,Philadelphia,5185,Hamilton Andrew Sch,F,0,0,0,0,0,0,0,0,18,29,23,21,25,29,53,0,33,43,0,0,0,0,0,274
126515001,Philadelphia City SD,SD,Philadelphia,5185,Hamilton Andrew Sch,M,0,0,0,0,0,0,0,0,22,25,30,38,26,30,51,0,42,33,0,0,0,0,0,297
126515001,Philadelphia City SD,SD,Philadelphia,5041,Hancock John Sch,F,0,0,0,0,0,0,0,0,39,42,34,38,44,40,0,0,0,0,0,0,0,0,0,237
126515001,Philadelphia City SD,SD,Philadelphia,5041,Hancock John Sch,M,0,0,0,0,0,0,0,0,40,55,48,43,38,28,0,0,0,0,0,0,0,0,0,252
126515001,Philadelphia City SD,SD,Philadelphia,7242,Harding Warren G MS,F,0,0,0,0,0,0,0,0,0,0,0,0,0,0,52,0,114,113,0,0,0,0,0,279
126515001,Philadelphia City SD,SD,Philadelphia,7242,Harding Warren G MS,M,0,0,0,0,0,0,0,0,0,0,0,0,0,0,66,0,93,149,0,0,0,0,0,308
126515001,Philadelphia City SD,SD,Philadelphia,6528,Harrington Avery D Sch,F,0,0,0,0,0,0,0,0,34,33,44,30,41,38,32,0,0,0,0,0,0,0,0,252
126515001,Philadelphia City SD,SD,Philadelphia,6528,Harrington Avery D Sch,M,0,0,0,0,0,0,0,0,28,46,33,46,28,28,24,0,0,0,0,0,0,0,0,233
126515001,Philadelphia City SD,SD,Philadelphia,5125,Hartranft John F Sch,F,0,0,16,0,0,0,0,0,24,25,25,29,21,23,23,0,15,15,0,0,0,0,0,216
126515001,Philadelphia City SD,SD,Philadelphia,5125,Hartranft John F Sch,M,0,0,13,0,0,0,0,0,24,32,28,18,32,16,15,0,23,27,0,0,0,0,0,228
126515001,Philadelphia City SD,SD,Philadelphia,3712,Henry Charles W Sch,F,0,0,0,0,0,0,0,0,21,22,19,29,27,27,22,0,31,23,0,0,0,0,0,221
126515001,Philadelphia City SD,SD,Philadelphia,3712,Henry Charles W Sch,M,0,0,0,0,0,0,0,0,33,17,24,23,18,19,18,0,21,12,0,0,0,0,0,185
126515001,Philadelphia City SD,SD,Philadelphia,5187,Heston Edward Sch,F,0,0,28,0,0,0,0,0,34,32,28,27,22,22,15,0,9,15,0,0,0,0,0,232
126515001,Philadelphia City SD,SD,Philadelphia,5187,Heston Edward Sch,M,0,0,21,0,0,0,0,0,46,29,33,23,22,27,17,0,17,19,0,0,0,0,0,254
126515001,Philadelphia City SD,SD,Philadelphia,7229,Hill J E/Freedman Samson,F,0,0,0,0,0,0,0,0,0,0,0,0,0,0,35,0,35,51,0,0,0,0,0,121
126515001,Philadelphia City SD,SD,Philadelphia,7229,Hill J E/Freedman Samson,M,0,0,0,0,0,0,0,0,0,0,0,0,0,0,38,0,48,32,0,0,0,0,0,118
126515001,Philadelphia City SD,SD,Philadelphia,3806,Hill Leslie P Sch,F,0,0,34,0,0,0,0,0,16,21,16,20,12,21,11,0,10,15,0,0,0,0,0,176
126515001,Philadelphia City SD,SD,Philadelphia,3806,Hill Leslie P Sch,M,0,0,34,0,0,0,0,0,18,12,18,23,21,16,18,0,20,15,0,0,0,0,0,195
126515001,Philadelphia City SD,SD,Philadelphia,3766,Holme Thomas Sch,F,0,0,44,0,0,0,0,0,40,27,33,30,28,25,23,0,0,0,0,0,0,0,0,250
126515001,Philadelphia City SD,SD,Philadelphia,3766,Holme Thomas Sch,M,0,0,43,0,0,0,0,0,46,50,39,39,40,40,40,0,0,0,0,0,0,0,0,337
126515001,Philadelphia City SD,SD,Philadelphia,3742,Hopkinson Francis Sch,F,0,0,0,0,0,0,0,0,60,50,42,53,53,52,44,0,47,30,0,0,0,0,0,431
126515001,Philadelphia City SD,SD,Philadelphia,3742,Hopkinson Francis Sch,M,0,0,0,0,0,0,0,0,50,52,55,65,62,64,46,0,51,40,0,0,0,0,0,485
126515001,Philadelphia City SD,SD,Philadelphia,3713,Houston Henry E Sch,F,0,0,0,0,0,0,0,0,20,24,21,27,24,21,19,0,28,21,0,0,0,0,0,205
126515001,Philadelphia City SD,SD,Philadelphia,3713,Houston Henry E Sch,M,0,0,0,0,0,0,0,0,17,24,33,36,23,24,28,0,26,33,0,0,0,0,0,244
126515001,Philadelphia City SD,SD,Philadelphia,3743,Howe Julia Ward Sch,F,0,0,0,0,0,0,0,0,18,16,28,22,19,16,0,0,0,0,0,0,0,0,0,119
126515001,Philadelphia City SD,SD,Philadelphia,3743,Howe Julia Ward Sch,M,0,0,0,0,0,0,0,0,24,27,23,23,32,26,0,0,0,0,0,0,0,0,0,155
126515001,Philadelphia City SD,SD,Philadelphia,3807,Huey Samuel B Sch,F,0,0,0,0,0,0,0,0,43,44,32,30,41,29,28,0,37,28,0,0,0,0,0,312
126515001,Philadelphia City SD,SD,Philadelphia,3807,Huey Samuel B Sch,M,0,0,0,0,0,0,0,0,35,40,37,45,42,49,43,0,37,35,0,0,0,0,0,363
126515001,Philadelphia City SD,SD,Philadelphia,3693,Hunter William H Sch,F,0,0,24,0,0,0,0,0,24,30,30,26,36,21,19,0,25,25,0,0,0,0,0,260
126515001,Philadelphia City SD,SD,Philadelphia,3693,Hunter William H Sch,M,0,0,14,0,0,0,0,0,37,30,32,37,24,23,18,0,22,28,0,0,0,0,0,265
126515001,Philadelphia City SD,SD,Philadelphia,3642,Jackson Andrew Sch,F,0,0,16,0,0,0,0,0,25,29,40,15,13,16,19,0,20,12,0,0,0,0,0,205
126515001,Philadelphia City SD,SD,Philadelphia,3642,Jackson Andrew Sch,M,0,0,17,0,0,0,0,0,29,33,24,20,14,23,23,0,22,18,0,0,0,0,0,223
126515001,Philadelphia City SD,SD,Philadelphia,7227,Jenks Abram Sch,F,0,0,0,0,0,0,0,0,44,38,30,33,24,0,0,0,0,0,0,0,0,0,0,169
126515001,Philadelphia City SD,SD,Philadelphia,7227,Jenks Abram Sch,M,0,0,0,0,0,0,0,0,36,35,23,25,37,0,0,0,0,0,0,0,0,0,0,156
126515001,Philadelphia City SD,SD,Philadelphia,3714,Jenks John S Sch,F,0,0,0,0,0,0,0,0,31,28,33,28,31,23,25,0,26,24,0,0,0,0,0,249
126515001,Philadelphia City SD,SD,Philadelphia,3714,Jenks John S Sch,M,0,0,0,0,0,0,0,0,21,28,28,27,19,29,26,0,24,26,0,0,0,0,0,228
126515001,Philadelphia City SD,SD,Philadelphia,7963,Juniata Park Academy,F,0,0,0,0,0,0,0,0,64,55,64,64,48,55,51,0,57,60,0,0,0,0,0,518
126515001,Philadelphia City SD,SD,Philadelphia,7963,Juniata Park Academy,M,0,0,0,0,0,0,0,0,53,71,79,73,70,55,57,0,46,59,0,0,0,0,0,563
126515001,Philadelphia City SD,SD,Philadelphia,3645,Kearny Gen Philip Sch,F,0,0,0,0,0,0,0,0,27,25,26,23,24,20,21,0,20,18,0,0,0,0,0,204
126515001,Philadelphia City SD,SD,Philadelphia,3645,Kearny Gen Philip Sch,M,0,0,0,0,0,0,0,0,34,26,20,30,34,21,26,0,22,22,0,0,0,0,0,235
126515001,Philadelphia City SD,SD,Philadelphia,3626,Kelley William D Sch,F,0,0,11,0,0,0,0,0,23,10,15,27,15,13,8,0,11,12,0,0,0,0,0,145
126515001,Philadelphia City SD,SD,Philadelphia,3626,Kelley William D Sch,M,0,0,4,0,0,0,0,0,24,20,16,21,15,10,11,0,14,12,0,0,0,0,0,147
126515001,Philadelphia City SD,SD,Philadelphia,5294,Kelly John B Sch,F,0,0,0,0,0,0,0,0,69,55,52,40,45,46,41,0,0,0,0,0,0,0,0,348
126515001,Philadelphia City SD,SD,Philadelphia,5294,Kelly John B Sch,M,0,0,0,0,0,0,0,0,82,64,57,66,53,59,48,0,0,0,0,0,0,0,0,429
126515001,Philadelphia City SD,SD,Philadelphia,3795,Kenderton Sch,F,0,0,0,0,0,0,0,0,25,26,16,19,20,23,17,0,19,17,0,0,0,0,0,182
126515001,Philadelphia City SD,SD,Philadelphia,3795,Kenderton Sch,M,0,0,0,0,0,0,0,0,30,30,27,33,19,21,9,0,10,9,0,0,0,0,0,188
126515001,Philadelphia City SD,SD,Philadelphia,7852,Kensington Creative & Performing Arts HS,F,0,0,0,0,0,0,0,0,0,0,0,0,0,0,0,0,0,0,62,56,35,51,0,204
126515001,Philadelphia City SD,SD,Philadelphia,7852,Kensington Creative & Performing Arts HS,M,0,0,0,0,0,0,0,0,0,0,0,0,0,0,0,0,0,0,51,54,48,67,0,220
126515001,Philadelphia City SD,SD,Philadelphia,7855,Kensington Culinary Arts,F,0,0,0,0,0,0,0,0,0,0,0,0,0,0,0,0,0,0,67,33,41,44,0,185
126515001,Philadelphia City SD,SD,Philadelphia,7855,Kensington Culinary Arts,M,0,0,0,0,0,0,0,0,0,0,0,0,0,0,0,0,0,0,55,45,40,38,0,178
126515001,Philadelphia City SD,SD,Philadelphia,7851,Kensington Intern Business  Finance & En,F,0,0,0,0,0,0,0,0,0,0,0,0,0,0,0,0,0,0,48,36,26,31,0,141
126515001,Philadelphia City SD,SD,Philadelphia,7851,Kensington Intern Business  Finance & En,M,0,0,0,0,0,0,0,0,0,0,0,0,0,0,0,0,0,0,90,60,41,38,0,229
126515001,Philadelphia City SD,SD,Philadelphia,8143,Kensington Urban Education Academy,F,0,0,0,0,0,0,0,0,0,0,0,0,0,0,0,0,0,0,36,38,40,0,0,114
126515001,Philadelphia City SD,SD,Philadelphia,8143,Kensington Urban Education Academy,M,0,0,0,0,0,0,0,0,0,0,0,0,0,0,0,0,0,0,42,43,23,0,0,108
126515001,Philadelphia City SD,SD,Philadelphia,7228,Key Francis Scott Sch,F,0,0,0,0,0,0,0,0,36,49,34,44,37,36,23,0,0,0,0,0,0,0,0,259
126515001,Philadelphia City SD,SD,Philadelphia,7228,Key Francis Scott Sch,M,0,0,0,0,0,0,0,0,40,39,36,37,26,47,32,0,0,0,0,0,0,0,0,257
126515001,Philadelphia City SD,SD,Philadelphia,6675,King Martin Luther HS,F,0,0,0,0,0,0,0,0,0,0,0,0,0,0,0,0,0,0,75,88,62,99,0,324
126515001,Philadelphia City SD,SD,Philadelphia,6675,King Martin Luther HS,M,0,0,0,0,0,0,0,0,0,0,0,0,0,0,0,0,0,0,128,134,85,89,0,436
126515001,Philadelphia City SD,SD,Philadelphia,3715,Kinsey John L Sch,F,0,0,18,0,0,0,0,0,27,32,31,24,24,31,18,0,29,14,0,0,0,0,0,248
126515001,Philadelphia City SD,SD,Philadelphia,3715,Kinsey John L Sch,M,0,0,20,0,0,0,0,0,30,36,29,38,31,24,17,0,27,21,0,0,0,0,0,273
126515001,Philadelphia City SD,SD,Philadelphia,3647,Kirkbride Eliza B Sch,F,0,0,22,0,0,0,0,0,32,26,28,27,32,20,29,0,24,24,0,0,0,0,0,264
126515001,Philadelphia City SD,SD,Philadelphia,3647,Kirkbride Eliza B Sch,M,0,0,12,0,0,0,0,0,32,36,31,40,36,28,25,0,19,28,0,0,0,0,0,287
126515001,Philadelphia City SD,SD,Philadelphia,6825,La Brum Gen J Harry MS,F,0,0,0,0,0,0,0,0,0,0,0,0,0,0,31,0,27,28,0,0,0,0,0,86
126515001,Philadelphia City SD,SD,Philadelphia,6825,La Brum Gen J Harry MS,M,0,0,0,0,0,0,0,0,0,0,0,0,0,0,43,0,36,35,0,0,0,0,0,114
126515001,Philadelphia City SD,SD,Philadelphia,3670,Lamberton Robert E Sch,F,0,0,0,0,0,0,0,0,26,16,28,23,23,25,26,0,26,46,0,0,0,0,0,239
126515001,Philadelphia City SD,SD,Philadelphia,3670,Lamberton Robert E Sch,M,0,0,0,0,0,0,0,0,28,36,37,35,36,22,25,0,47,25,0,0,0,0,0,291
126515001,Philadelphia City SD,SD,Philadelphia,7810,Lamberton Robert HS,F,0,0,0,0,0,0,0,0,0,0,0,0,0,0,0,0,0,0,21,23,25,26,0,95
126515001,Philadelphia City SD,SD,Philadelphia,7810,Lamberton Robert HS,M,0,0,0,0,0,0,0,0,0,0,0,0,0,0,0,0,0,0,22,25,31,22,0,100
126515001,Philadelphia City SD,SD,Philadelphia,7811,Lankenau HS,F,0,0,0,0,0,0,0,0,0,0,0,0,0,0,0,0,0,0,58,53,20,43,0,174
126515001,Philadelphia City SD,SD,Philadelphia,7811,Lankenau HS,M,0,0,0,0,0,0,0,0,0,0,0,0,0,0,0,0,0,0,46,40,27,33,0,146
126515001,Philadelphia City SD,SD,Philadelphia,3744,Lawton Henry W Sch,F,0,0,0,0,0,0,0,0,58,59,71,63,66,46,45,0,0,0,0,0,0,0,0,408
126515001,Philadelphia City SD,SD,Philadelphia,3744,Lawton Henry W Sch,M,0,0,0,0,0,0,0,0,62,60,65,51,48,63,57,0,0,0,0,0,0,0,0,406
126515001,Philadelphia City SD,SD,Philadelphia,6530,Lea Henry C Sch,F,0,0,17,0,0,0,0,0,25,29,19,18,20,18,14,0,10,12,0,0,0,0,0,182
126515001,Philadelphia City SD,SD,Philadelphia,6530,Lea Henry C Sch,M,0,0,36,0,0,0,0,0,32,35,34,33,24,15,13,0,18,25,0,0,0,0,0,265
126515001,Philadelphia City SD,SD,Philadelphia,3822,Leeds Morris E MS,F,0,0,0,0,0,0,0,0,0,0,0,0,0,0,0,0,61,54,0,0,0,0,0,115
126515001,Philadelphia City SD,SD,Philadelphia,3822,Leeds Morris E MS,M,0,0,0,0,0,0,0,0,0,0,0,0,0,0,0,0,77,78,0,0,0,0,0,155
126515001,Philadelphia City SD,SD,Philadelphia,3671,Leidy Joseph Sch,F,0,0,0,0,0,0,0,0,12,21,21,19,14,11,12,0,14,18,0,0,0,0,0,142
126515001,Philadelphia City SD,SD,Philadelphia,3671,Leidy Joseph Sch,M,0,0,0,0,0,0,0,0,14,17,18,26,32,17,20,0,15,13,0,0,0,0,0,172
126515001,Philadelphia City SD,SD,Philadelphia,3845,Lincoln HS,F,0,0,18,0,0,0,0,0,0,0,0,0,0,0,0,0,0,0,218,212,197,175,0,820
126515001,Philadelphia City SD,SD,Philadelphia,3845,Lincoln HS,M,0,0,18,0,0,0,0,0,0,0,0,0,0,0,0,0,0,0,302,279,217,181,0,997
126515001,Philadelphia City SD,SD,Philadelphia,3717,Lingelbach Anna L Sch,F,0,0,0,0,0,0,0,0,20,22,19,19,16,24,23,0,28,29,0,0,0,0,0,200
126515001,Philadelphia City SD,SD,Philadelphia,3717,Lingelbach Anna L Sch,M,0,0,0,0,0,0,0,0,28,30,23,26,31,17,15,0,30,24,0,0,0,0,0,224
126515001,Philadelphia City SD,SD,Philadelphia,4732,Locke Alain Sch,F,0,0,0,0,0,0,0,0,23,28,44,30,24,26,13,0,26,25,0,0,0,0,0,239
126515001,Philadelphia City SD,SD,Philadelphia,4732,Locke Alain Sch,M,0,0,0,0,0,0,0,0,23,44,31,24,29,22,33,0,18,21,0,0,0,0,0,245
126515001,Philadelphia City SD,SD,Philadelphia,4961,Loesche William H Sch,F,0,0,14,0,0,0,0,0,72,62,61,66,63,58,0,0,0,0,0,0,0,0,0,396
126515001,Philadelphia City SD,SD,Philadelphia,4961,Loesche William H Sch,M,0,0,25,0,0,0,0,0,73,65,72,59,69,74,0,0,0,0,0,0,0,0,0,437
126515001,Philadelphia City SD,SD,Philadelphia,3718,Logan James Sch,F,0,0,38,0,0,0,0,0,24,22,17,27,22,28,26,0,0,0,0,0,0,0,0,204
126515001,Philadelphia City SD,SD,Philadelphia,3718,Logan James Sch,M,0,0,37,0,0,0,0,0,22,22,29,34,33,29,21,0,0,0,0,0,0,0,0,227
126515001,Philadelphia City SD,SD,Philadelphia,6533,Longstreth William C Sch,F,0,0,9,0,0,0,0,0,38,27,20,19,31,22,21,0,24,23,0,0,0,0,0,234
126515001,Philadelphia City SD,SD,Philadelphia,6533,Longstreth William C Sch,M,0,0,9,0,0,0,0,0,32,26,31,23,28,26,24,0,24,20,0,0,0,0,0,243
126515001,Philadelphia City SD,SD,Philadelphia,7232,Lowell James R Sch,F,0,0,16,0,0,0,0,0,92,100,81,97,77,0,0,0,0,0,0,0,0,0,0,463
126515001,Philadelphia City SD,SD,Philadelphia,7232,Lowell James R Sch,M,0,0,15,0,0,0,0,0,115,107,101,86,103,0,0,0,0,0,0,0,0,0,0,527
126515001,Philadelphia City SD,SD,Philadelphia,3694,Ludlow James R Sch,F,0,0,8,0,0,0,0,0,20,25,14,21,21,17,18,0,9,7,0,0,0,0,0,160
126515001,Philadelphia City SD,SD,Philadelphia,3694,Ludlow James R Sch,M,0,0,6,0,0,0,0,0,26,21,16,26,20,21,14,0,15,11,0,0,0,0,0,176
126515001,Philadelphia City SD,SD,Philadelphia,3797,Marshall John Sch,F,0,0,0,0,0,0,0,0,32,30,29,36,28,15,0,0,0,0,0,0,0,0,0,170
126515001,Philadelphia City SD,SD,Philadelphia,3797,Marshall John Sch,M,0,0,0,0,0,0,0,0,34,43,40,33,38,34,0,0,0,0,0,0,0,0,0,222
126515001,Philadelphia City SD,SD,Philadelphia,7521,Marshall Thurgood,F,0,0,17,0,0,0,0,0,49,43,35,35,41,47,28,0,34,37,0,0,0,0,0,366
126515001,Philadelphia City SD,SD,Philadelphia,7521,Marshall Thurgood,M,0,0,13,0,0,0,0,0,45,50,48,51,31,47,29,0,38,33,0,0,0,0,0,385
126515001,Philadelphia City SD,SD,Philadelphia,3842,Mastbaum Jules E AVTS,F,0,0,0,0,0,0,0,0,0,0,0,0,0,0,0,0,0,0,62,89,114,58,0,323
126515001,Philadelphia City SD,SD,Philadelphia,3842,Mastbaum Jules E AVTS,M,0,0,0,0,0,0,0,0,0,0,0,0,0,0,0,0,0,0,86,111,103,57,0,357
126515001,Philadelphia City SD,SD,Philadelphia,3808,Masterman Julia R Sec Sch,F,0,0,0,0,0,0,0,0,0,0,0,0,0,84,94,0,113,108,53,64,64,58,0,638
126515001,Philadelphia City SD,SD,Philadelphia,3808,Masterman Julia R Sec Sch,M,0,0,0,0,0,0,0,0,0,0,0,0,0,81,104,0,85,86,57,38,40,45,0,536
126515001,Philadelphia City SD,SD,Philadelphia,3769,Mayfair Sch,F,0,0,0,0,0,0,0,0,54,60,57,56,60,61,69,0,51,63,0,0,0,0,0,531
126515001,Philadelphia City SD,SD,Philadelphia,3769,Mayfair Sch,M,0,0,0,0,0,0,0,0,75,72,65,56,52,45,79,0,53,56,0,0,0,0,0,553
126515001,Philadelphia City SD,SD,Philadelphia,3648,McCall Gen George A Sch,F,0,0,0,0,0,0,0,0,56,39,38,32,37,34,30,0,22,29,0,0,0,0,0,317
126515001,Philadelphia City SD,SD,Philadelphia,3648,McCall Gen George A Sch,M,0,0,0,0,0,0,0,0,31,45,40,39,45,28,29,0,25,35,0,0,0,0,0,317
126515001,Philadelphia City SD,SD,Philadelphia,3719,McCloskey John F Sch,F,0,0,20,0,0,0,0,0,24,28,33,23,27,32,13,0,0,0,0,0,0,0,0,200
126515001,Philadelphia City SD,SD,Philadelphia,3719,McCloskey John F Sch,M,0,0,20,0,0,0,0,0,29,32,34,26,21,27,29,0,0,0,0,0,0,0,0,218
126515001,Philadelphia City SD,SD,Philadelphia,6534,McClure Alexander K Sch,F,0,0,28,0,0,0,0,0,45,54,52,47,45,34,0,0,0,0,0,0,0,0,0,305
126515001,Philadelphia City SD,SD,Philadelphia,6534,McClure Alexander K Sch,M,0,0,11,0,0,0,0,0,45,45,52,48,39,47,0,0,0,0,0,0,0,0,0,287
126515001,Philadelphia City SD,SD,Philadelphia,3629,McDaniel Delaplaine Sch,F,0,0,0,0,0,0,0,0,55,52,55,43,50,41,40,0,40,33,0,0,0,0,0,409
126515001,Philadelphia City SD,SD,Philadelphia,3629,McDaniel Delaplaine Sch,M,0,0,0,0,0,0,0,0,44,56,50,43,58,42,40,0,32,36,0,0,0,0,0,401
126515001,Philadelphia City SD,SD,Philadelphia,5293,McKinley William Sch,F,0,0,16,0,0,0,0,0,20,20,21,10,9,14,21,0,14,10,0,0,0,0,0,155
126515001,Philadelphia City SD,SD,Philadelphia,5293,McKinley William Sch,M,0,0,20,0,0,0,0,0,15,25,19,21,21,13,16,0,11,14,0,0,0,0,0,175
126515001,Philadelphia City SD,SD,Philadelphia,3611,McMichael Morton Sch,F,0,0,35,0,0,0,0,0,24,16,15,18,15,21,19,0,12,19,0,0,0,0,0,194
126515001,Philadelphia City SD,SD,Philadelphia,3611,McMichael Morton Sch,M,0,0,26,0,0,0,0,0,24,21,26,20,30,13,25,0,19,18,0,0,0,0,0,222
126515001,Philadelphia City SD,SD,Philadelphia,3630,Meade Gen George C Sch,F,0,0,16,0,0,0,0,0,23,21,19,23,29,19,14,0,13,10,0,0,0,0,0,187
126515001,Philadelphia City SD,SD,Philadelphia,3630,Meade Gen George C Sch,M,0,0,27,0,0,0,0,0,26,14,31,27,24,20,11,0,18,26,0,0,0,0,0,224
126515001,Philadelphia City SD,SD,Philadelphia,6768,Meehan Austin MS,F,0,0,0,0,0,0,0,0,0,0,0,0,0,0,2,0,121,126,0,0,0,0,0,249
126515001,Philadelphia City SD,SD,Philadelphia,6768,Meehan Austin MS,M,0,0,0,0,0,0,0,0,0,0,0,0,0,0,9,0,160,157,0,0,0,0,0,326
126515001,Philadelphia City SD,SD,Philadelphia,3649,Meredith William M Sch,F,0,0,0,0,0,0,0,0,24,29,31,29,36,26,27,0,23,22,0,0,0,0,0,247
126515001,Philadelphia City SD,SD,Philadelphia,3649,Meredith William M Sch,M,0,0,0,0,0,0,0,0,36,30,31,23,33,29,28,0,26,36,0,0,0,0,0,272
126515001,Philadelphia City SD,SD,Philadelphia,7022,Middle Years Alternative,F,0,0,0,0,0,0,0,0,0,0,0,0,0,28,40,0,70,37,0,0,0,0,0,175
126515001,Philadelphia City SD,SD,Philadelphia,7022,Middle Years Alternative,M,0,0,0,0,0,0,0,0,0,0,0,0,0,19,30,0,44,34,0,0,0,0,0,127
126515001,Philadelphia City SD,SD,Philadelphia,3720,Mifflin Thomas Sch,F,0,0,23,0,0,0,0,0,20,18,14,24,11,22,11,0,18,5,0,0,0,0,0,166
126515001,Philadelphia City SD,SD,Philadelphia,3720,Mifflin Thomas Sch,M,0,0,20,0,0,0,0,0,19,17,20,14,16,16,14,0,10,11,0,0,0,0,0,157
126515001,Philadelphia City SD,SD,Philadelphia,3798,Mitchell El Sch,F,0,0,22,0,0,0,0,0,51,55,53,41,40,34,0,0,0,0,0,0,0,0,0,296
126515001,Philadelphia City SD,SD,Philadelphia,3798,Mitchell El Sch,M,0,0,17,0,0,0,0,0,44,44,45,39,43,44,0,0,0,0,0,0,0,0,0,276
126515001,Philadelphia City SD,SD,Philadelphia,3697,Moffet John Sch,F,0,0,0,0,0,0,0,0,34,38,35,40,34,31,0,0,0,0,0,0,0,0,0,212
126515001,Philadelphia City SD,SD,Philadelphia,3697,Moffet John Sch,M,0,0,0,0,0,0,0,0,39,43,40,38,26,37,0,0,0,0,0,0,0,0,0,223
126515001,Philadelphia City SD,SD,Philadelphia,3770,Moore J Hampton Sch,F,0,0,0,0,0,0,0,0,80,96,95,96,102,115,0,0,0,0,0,0,0,0,0,584
126515001,Philadelphia City SD,SD,Philadelphia,3770,Moore J Hampton Sch,M,0,0,0,0,0,0,0,0,85,95,85,99,108,101,0,0,0,0,0,0,0,0,0,573
126515001,Philadelphia City SD,SD,Philadelphia,4868,Morris Robert Sch,F,0,0,30,0,0,0,0,0,25,24,22,18,19,15,17,0,12,15,0,0,0,0,0,197
126515001,Philadelphia City SD,SD,Philadelphia,4868,Morris Robert Sch,M,0,0,30,0,0,0,0,0,22,31,17,25,14,21,14,0,13,4,0,0,0,0,0,191
126515001,Philadelphia City SD,SD,Philadelphia,3749,Morrison Andrew J Sch,F,0,0,0,0,0,0,0,0,41,25,31,33,34,36,38,0,33,43,0,0,0,0,0,314
126515001,Philadelphia City SD,SD,Philadelphia,3749,Morrison Andrew J Sch,M,0,0,0,0,0,0,0,0,44,33,32,37,38,26,36,0,36,38,0,0,0,0,0,320
126515001,Philadelphia City SD,SD,Philadelphia,6535,Morton Thomas G Sch,F,0,0,0,0,0,0,0,0,74,69,71,53,57,56,0,0,0,0,0,0,0,0,0,380
126515001,Philadelphia City SD,SD,Philadelphia,6535,Morton Thomas G Sch,M,0,0,0,0,0,0,0,0,64,65,81,57,71,63,0,0,0,0,0,0,0,0,0,401
126515001,Philadelphia City SD,SD,Philadelphia,7815,Motivation HS,F,0,0,0,0,0,0,0,0,0,0,0,0,0,0,0,0,0,0,44,56,28,35,0,163
126515001,Philadelphia City SD,SD,Philadelphia,7815,Motivation HS,M,0,0,0,0,0,0,0,0,0,0,0,0,0,0,0,0,0,0,28,16,22,13,0,79
126515001,Philadelphia City SD,SD,Philadelphia,7522,Munoz-Marin Luis,F,0,0,13,0,0,0,0,0,37,47,42,41,43,39,59,0,35,28,0,0,0,0,0,384
126515001,Philadelphia City SD,SD,Philadelphia,7522,Munoz-Marin Luis,M,0,0,19,0,0,0,0,0,42,55,42,36,48,30,48,0,29,30,0,0,0,0,0,379
126515001,Philadelphia City SD,SD,Philadelphia,3650,Nebinger George W Sch,F,0,0,19,0,0,0,0,0,20,12,7,16,21,11,14,0,12,9,0,0,0,0,0,141
126515001,Philadelphia City SD,SD,Philadelphia,3650,Nebinger George W Sch,M,0,0,18,0,0,0,0,0,9,18,18,19,17,15,13,0,22,10,0,0,0,0,0,159
126515001,Philadelphia City SD,SD,Philadelphia,3855,Northeast HS,F,0,0,0,0,0,0,0,0,0,0,0,0,0,0,0,0,0,0,353,347,305,298,0,"1,303"
126515001,Philadelphia City SD,SD,Philadelphia,3855,Northeast HS,M,0,0,0,0,0,0,0,0,0,0,0,0,0,0,0,0,0,0,500,415,393,354,0,"1,662"
126515001,Philadelphia City SD,SD,Philadelphia,3750,Olney El Sch,F,0,0,0,0,0,0,0,0,51,54,51,39,46,39,41,0,35,36,0,0,0,0,0,392
126515001,Philadelphia City SD,SD,Philadelphia,3750,Olney El Sch,M,0,0,0,0,0,0,0,0,49,57,44,51,41,49,42,0,49,40,0,0,0,0,0,422
126515001,Philadelphia City SD,SD,Philadelphia,6960,Overbrook Edu Ctr,F,0,0,0,0,0,0,0,0,1,7,14,12,15,20,18,0,19,15,0,0,0,0,0,121
126515001,Philadelphia City SD,SD,Philadelphia,6960,Overbrook Edu Ctr,M,0,0,0,0,0,0,0,0,3,8,11,17,19,11,14,0,19,19,0,0,0,0,0,121
126515001,Philadelphia City SD,SD,Philadelphia,7472,Overbrook Elementary School,F,0,0,15,0,0,0,0,0,21,23,18,23,26,28,0,0,0,0,0,0,0,0,0,154
126515001,Philadelphia City SD,SD,Philadelphia,7472,Overbrook Elementary School,M,0,0,17,0,0,0,0,0,23,22,24,18,16,16,0,0,0,0,0,0,0,0,0,136
126515001,Philadelphia City SD,SD,Philadelphia,3857,Overbrook HS,F,0,0,0,0,0,0,0,0,0,0,0,0,0,0,0,0,0,0,86,132,119,100,0,437
126515001,Philadelphia City SD,SD,Philadelphia,3857,Overbrook HS,M,0,0,0,0,0,0,0,0,0,0,0,0,0,0,0,0,0,0,145,157,151,106,0,559
126515001,Philadelphia City SD,SD,Philadelphia,6548,Parkway Northwest,F,0,0,0,0,0,0,0,0,0,0,0,0,0,0,0,0,0,0,28,56,40,37,0,161
126515001,Philadelphia City SD,SD,Philadelphia,6548,Parkway Northwest,M,0,0,0,0,0,0,0,0,0,0,0,0,0,0,0,0,0,0,20,29,29,19,0,97
126515001,Philadelphia City SD,SD,Philadelphia,7808,Parkway West,F,0,0,0,0,0,0,0,0,0,0,0,0,0,0,0,0,0,0,38,55,30,37,0,160
126515001,Philadelphia City SD,SD,Philadelphia,7808,Parkway West,M,0,0,0,0,0,0,0,0,0,0,0,0,0,0,0,0,0,0,21,31,24,21,0,97
126515001,Philadelphia City SD,SD,Philadelphia,7782,Parkway-Center City,F,0,0,0,0,0,0,0,0,0,0,0,0,0,0,0,0,0,0,80,76,49,70,0,275
126515001,Philadelphia City SD,SD,Philadelphia,7782,Parkway-Center City,M,0,0,0,0,0,0,0,0,0,0,0,0,0,0,0,0,0,0,65,43,46,37,0,191
126515001,Philadelphia City SD,SD,Philadelphia,3721,Pastorius Francis P Sch,F,0,0,0,0,0,0,0,0,38,24,32,36,20,20,21,0,34,29,0,0,0,0,0,254
126515001,Philadelphia City SD,SD,Philadelphia,3721,Pastorius Francis P Sch,M,0,0,0,0,0,0,0,0,37,27,29,30,28,15,33,0,36,25,0,0,0,0,0,260
126515001,Philadelphia City SD,SD,Philadelphia,3613,Patterson John M Sch,F,0,0,13,0,0,0,0,0,67,73,53,58,67,0,0,0,0,0,0,0,0,0,0,331
126515001,Philadelphia City SD,SD,Philadelphia,3613,Patterson John M Sch,M,0,0,16,0,0,0,0,0,69,66,54,59,65,0,0,0,0,0,0,0,0,0,0,329
126515001,Philadelphia City SD,SD,Philadelphia,7780,Paul Robeson HS for Human Services,F,0,0,0,0,0,0,0,0,0,0,0,0,0,0,0,0,0,0,43,35,37,49,0,164
126515001,Philadelphia City SD,SD,Philadelphia,7780,Paul Robeson HS for Human Services,M,0,0,0,0,0,0,0,0,0,0,0,0,0,0,0,0,0,0,25,26,28,22,0,101
126515001,Philadelphia City SD,SD,Philadelphia,3675,Peirce Thomas M Sch,F,0,0,28,0,0,0,0,0,47,36,17,37,24,21,20,0,0,0,0,0,0,0,0,230
126515001,Philadelphia City SD,SD,Philadelphia,3675,Peirce Thomas M Sch,M,0,0,27,0,0,0,0,0,40,27,27,22,24,16,23,0,0,0,0,0,0,0,0,206
126515001,Philadelphia City SD,SD,Philadelphia,7706,Penn Alexander Sch,F,0,0,17,0,0,0,0,0,43,37,33,38,36,26,26,0,26,23,0,0,0,0,0,305
126515001,Philadelphia City SD,SD,Philadelphia,7706,Penn Alexander Sch,M,0,0,10,0,0,0,0,0,30,35,39,34,36,25,26,0,20,21,0,0,0,0,0,276
126515001,Philadelphia City SD,SD,Philadelphia,7244,Penn Treaty MS,F,0,0,0,0,0,0,0,0,0,0,0,0,0,0,34,0,38,38,0,0,0,0,0,110
126515001,Philadelphia City SD,SD,Philadelphia,7244,Penn Treaty MS,M,0,0,0,0,0,0,0,0,0,0,0,0,0,0,44,0,57,56,0,0,0,0,0,157
126515001,Philadelphia City SD,SD,Philadelphia,3722,Pennell Joseph Sch,F,0,0,12,0,0,0,0,0,27,36,19,22,25,26,21,0,0,0,0,0,0,0,0,188
126515001,Philadelphia City SD,SD,Philadelphia,3722,Pennell Joseph Sch,M,0,0,13,0,0,0,0,0,32,29,32,28,35,32,21,0,0,0,0,0,0,0,0,222
126515001,Philadelphia City SD,SD,Philadelphia,6539,Pennypacker Samuel Sch,F,0,0,22,0,0,0,0,0,27,28,34,27,39,30,34,0,0,0,0,0,0,0,0,241
126515001,Philadelphia City SD,SD,Philadelphia,6539,Pennypacker Samuel Sch,M,0,0,17,0,0,0,0,0,34,26,39,42,44,32,42,0,0,0,0,0,0,0,0,276
126515001,Philadelphia City SD,SD,Philadelphia,3616,Penrose Sch,F,0,0,0,0,0,0,0,0,48,37,39,36,37,31,25,0,30,29,0,0,0,0,0,312
126515001,Philadelphia City SD,SD,Philadelphia,3616,Penrose Sch,M,0,0,0,0,0,0,0,0,46,37,33,34,31,34,47,0,37,32,0,0,0,0,0,331
126515001,Philadelphia City SD,SD,Philadelphia,6821,Pepper George MS,F,0,0,0,0,0,0,0,0,0,0,0,0,0,33,44,0,52,55,0,0,0,0,0,184
126515001,Philadelphia City SD,SD,Philadelphia,6821,Pepper George MS,M,0,0,0,0,0,0,0,0,0,0,0,0,0,24,61,0,66,72,0,0,0,0,0,223
126515001,Philadelphia City SD,SD,Philadelphia,9999,Philadelphia City SD,F,0,0,509,0,0,0,0,0,0,0,0,0,2,8,6,0,4,73,198,346,344,268,203,"1,961"
126515001,Philadelphia City SD,SD,Philadelphia,9999,Philadelphia City SD,M,0,0,501,0,0,0,0,0,0,0,0,0,36,41,60,0,11,97,188,269,320,260,532,"2,315"
126515001,Philadelphia City SD,SD,Philadelphia,8120,Philadelphia Learning Academy - North,F,0,0,0,0,0,0,0,0,0,0,0,0,0,0,0,0,5,17,34,31,16,12,0,115
126515001,Philadelphia City SD,SD,Philadelphia,8120,Philadelphia Learning Academy - North,M,0,0,0,0,0,0,0,0,0,0,0,0,0,0,0,0,24,24,61,42,30,31,0,212
126515001,Philadelphia City SD,SD,Philadelphia,8121,Philadelphia Learning Academy - South,F,0,0,0,0,0,0,0,0,0,0,0,0,0,0,0,0,6,8,15,24,29,10,0,92
126515001,Philadelphia City SD,SD,Philadelphia,8121,Philadelphia Learning Academy - South,M,0,0,0,0,0,0,0,0,0,0,0,0,0,0,0,0,9,8,25,31,46,15,0,134
126515001,Philadelphia City SD,SD,Philadelphia,7850,Philadelphia Military Acad at Elverson,F,0,0,0,0,0,0,0,0,0,0,0,0,0,0,0,0,0,0,17,18,25,19,0,79
126515001,Philadelphia City SD,SD,Philadelphia,7850,Philadelphia Military Acad at Elverson,M,0,0,0,0,0,0,0,0,0,0,0,0,0,0,0,0,0,0,37,38,31,21,0,127
126515001,Philadelphia City SD,SD,Philadelphia,7812,Philadelphia Military Acad at Leeds,F,0,0,0,0,0,0,0,0,0,0,0,0,0,0,0,0,0,0,22,16,29,23,0,90
126515001,Philadelphia City SD,SD,Philadelphia,7812,Philadelphia Military Acad at Leeds,M,0,0,0,0,0,0,0,0,0,0,0,0,0,0,0,0,0,0,50,24,48,37,0,159
126515001,Philadelphia City SD,SD,Philadelphia,3801,Pollock Robert B Sch,F,0,0,0,0,0,0,0,0,55,56,60,49,42,46,41,0,0,0,0,0,0,0,0,349
126515001,Philadelphia City SD,SD,Philadelphia,3801,Pollock Robert B Sch,M,0,0,0,0,0,0,0,0,62,63,70,70,46,50,54,0,0,0,0,0,0,0,0,415
126515001,Philadelphia City SD,SD,Philadelphia,5121,Potter-Thomas Sch,F,0,0,16,0,0,0,0,0,27,32,21,22,17,15,11,0,18,20,0,0,0,0,0,199
126515001,Philadelphia City SD,SD,Philadelphia,5121,Potter-Thomas Sch,M,0,0,14,0,0,0,0,0,20,30,23,33,31,23,17,0,23,18,0,0,0,0,0,232
126515001,Philadelphia City SD,SD,Philadelphia,3783,Powel Samuel Sch,F,0,0,0,0,0,0,0,0,29,24,22,29,24,0,0,0,0,0,0,0,0,0,0,128
126515001,Philadelphia City SD,SD,Philadelphia,3783,Powel Samuel Sch,M,0,0,0,0,0,0,0,0,23,25,24,24,28,0,0,0,0,0,0,0,0,0,0,124
126515001,Philadelphia City SD,SD,Philadelphia,6540,Pratt Anna B Sch,F,0,0,15,0,0,0,0,0,22,23,23,29,28,20,22,0,0,0,0,0,0,0,0,182
126515001,Philadelphia City SD,SD,Philadelphia,6540,Pratt Anna B Sch,M,0,0,16,0,0,0,0,0,27,29,18,28,26,21,7,0,0,0,0,0,0,0,0,172
126515001,Philadelphia City SD,SD,Philadelphia,6765,Prince Hall,F,0,0,7,0,0,0,0,0,30,33,32,26,26,23,0,0,0,0,0,0,0,0,0,177
126515001,Philadelphia City SD,SD,Philadelphia,6765,Prince Hall,M,0,0,10,0,0,0,0,0,35,47,39,36,35,25,0,0,0,0,0,0,0,0,0,227
126515001,Philadelphia City SD,SD,Philadelphia,7813,Randolph A. Philip AVT HS,F,0,0,0,0,0,0,0,0,0,0,0,0,0,0,0,0,0,0,62,64,37,37,0,200
126515001,Philadelphia City SD,SD,Philadelphia,7813,Randolph A. Philip AVT HS,M,0,0,0,0,0,0,0,0,0,0,0,0,0,0,0,0,0,0,115,102,62,60,0,339
126515001,Philadelphia City SD,SD,Philadelphia,3632,Reynolds Gen John F Sch,F,0,0,20,0,0,0,0,0,22,27,16,17,16,20,13,0,14,12,0,0,0,0,0,177
126515001,Philadelphia City SD,SD,Philadelphia,3632,Reynolds Gen John F Sch,M,0,0,16,0,0,0,0,0,40,37,24,31,25,22,10,0,11,9,0,0,0,0,0,225
126515001,Philadelphia City SD,SD,Philadelphia,3771,Rhawnhurst Sch,F,0,0,14,0,0,0,0,0,45,50,43,42,49,38,0,0,0,0,0,0,0,0,0,281
126515001,Philadelphia City SD,SD,Philadelphia,3771,Rhawnhurst Sch,M,0,0,6,0,0,0,0,0,45,56,59,52,40,44,0,0,0,0,0,0,0,0,0,302
126515001,Philadelphia City SD,SD,Philadelphia,3614,Rhoads James Sch,F,0,0,0,0,0,0,0,0,33,36,31,32,27,39,30,0,23,18,0,0,0,0,0,269
126515001,Philadelphia City SD,SD,Philadelphia,3614,Rhoads James Sch,M,0,0,0,0,0,0,0,0,38,42,38,39,31,32,36,0,36,29,0,0,0,0,0,321
126515001,Philadelphia City SD,SD,Philadelphia,6522,Rhodes E Washington MS,F,0,0,0,0,0,0,0,0,0,0,0,0,0,0,0,0,52,42,0,0,0,0,0,94
126515001,Philadelphia City SD,SD,Philadelphia,6522,Rhodes E Washington MS,M,0,0,0,0,0,0,0,0,0,0,0,0,0,0,0,0,63,46,0,0,0,0,0,109
126515001,Philadelphia City SD,SD,Philadelphia,3701,Richmond Sch,F,0,0,0,0,0,0,0,0,63,69,58,64,43,41,0,0,0,0,0,0,0,0,0,338
126515001,Philadelphia City SD,SD,Philadelphia,3701,Richmond Sch,M,0,0,0,0,0,0,0,0,56,72,60,54,48,59,0,0,0,0,0,0,0,0,0,349
126515001,Philadelphia City SD,SD,Philadelphia,3824,Roosevelt Theodore MS,F,0,0,0,0,0,0,0,0,0,0,0,0,0,0,0,0,54,64,0,0,0,0,0,118
126515001,Philadelphia City SD,SD,Philadelphia,3824,Roosevelt Theodore MS,M,0,0,0,0,0,0,0,0,0,0,0,0,0,0,0,0,90,96,0,0,0,0,0,186
126515001,Philadelphia City SD,SD,Philadelphia,3724,Rowen William Sch,F,0,0,0,0,0,0,0,0,43,42,37,33,44,29,0,0,0,0,0,0,0,0,0,228
126515001,Philadelphia City SD,SD,Philadelphia,3724,Rowen William Sch,M,0,0,0,0,0,0,0,0,42,42,40,40,32,30,0,0,0,0,0,0,0,0,0,226
126515001,Philadelphia City SD,SD,Philadelphia,3844,Roxborough HS,F,0,0,0,0,0,0,0,0,0,0,0,0,0,0,0,0,0,0,43,54,72,53,0,222
126515001,Philadelphia City SD,SD,Philadelphia,3844,Roxborough HS,M,0,0,0,0,0,0,0,0,0,0,0,0,0,0,0,0,0,0,63,65,65,61,0,254
126515001,Philadelphia City SD,SD,Philadelphia,3861,Saul W B Agricultural School,F,0,0,0,0,0,0,0,0,0,0,0,0,0,0,0,0,0,0,109,81,77,73,0,340
126515001,Philadelphia City SD,SD,Philadelphia,3861,Saul W B Agricultural School,M,0,0,0,0,0,0,0,0,0,0,0,0,0,0,0,0,0,0,67,41,50,26,0,184
126515001,Philadelphia City SD,SD,Philadelphia,7245,Sayre William L MS,F,0,0,0,0,0,0,0,0,0,0,0,0,0,0,0,0,0,0,64,75,59,39,0,237
126515001,Philadelphia City SD,SD,Philadelphia,7245,Sayre William L MS,M,0,0,0,0,0,0,0,0,0,0,0,0,0,0,0,0,0,0,91,80,54,43,0,268
126515001,Philadelphia City SD,SD,Philadelphia,7903,School of the Future,F,0,0,0,0,0,0,0,0,0,0,0,0,0,0,0,0,0,0,42,62,42,52,0,198
126515001,Philadelphia City SD,SD,Philadelphia,7903,School of the Future,M,0,0,0,0,0,0,0,0,0,0,0,0,0,0,0,0,0,0,57,61,45,38,0,201
126515001,Philadelphia City SD,SD,Philadelphia,7906,Science Leadership Academy,F,0,0,0,0,0,0,0,0,0,0,0,0,0,0,0,0,0,0,68,69,65,73,0,275
126515001,Philadelphia City SD,SD,Philadelphia,7906,Science Leadership Academy,M,0,0,0,0,0,0,0,0,0,0,0,0,0,0,0,0,0,0,54,52,61,46,0,213
126515001,Philadelphia City SD,SD,Philadelphia,3653,Sharswood George Sch,F,0,0,20,0,0,0,0,0,32,30,26,25,32,25,31,0,28,24,0,0,0,0,0,273
126515001,Philadelphia City SD,SD,Philadelphia,3653,Sharswood George Sch,M,0,0,18,0,0,0,0,0,27,37,34,32,40,33,30,0,33,38,0,0,0,0,0,322
126515001,Philadelphia City SD,SD,Philadelphia,7246,Shaw Anna H MS,F,0,0,0,0,0,0,0,0,0,0,0,0,0,0,0,0,38,44,0,0,0,0,0,82
126515001,Philadelphia City SD,SD,Philadelphia,7246,Shaw Anna H MS,M,0,0,0,0,0,0,0,0,0,0,0,0,0,0,0,0,49,58,0,0,0,0,0,107
126515001,Philadelphia City SD,SD,Philadelphia,3725,Shawmont Sch,F,0,0,5,0,0,0,0,0,23,30,34,26,32,36,35,0,33,46,0,0,0,0,0,300
126515001,Philadelphia City SD,SD,Philadelphia,3725,Shawmont Sch,M,0,0,15,0,0,0,0,0,35,40,38,38,37,28,31,0,33,36,0,0,0,0,0,331
126515001,Philadelphia City SD,SD,Philadelphia,3702,Sheppard Isaac Sch,F,0,0,0,0,0,0,0,0,29,32,21,24,19,0,0,0,0,0,0,0,0,0,0,125
126515001,Philadelphia City SD,SD,Philadelphia,3702,Sheppard Isaac Sch,M,0,0,0,0,0,0,0,0,29,35,33,23,25,0,0,0,0,0,0,0,0,0,0,145
126515001,Philadelphia City SD,SD,Philadelphia,3800,Sheridan Sch,F,0,0,0,0,0,0,0,0,83,83,65,62,62,0,0,0,0,0,0,0,0,0,0,355
126515001,Philadelphia City SD,SD,Philadelphia,3800,Sheridan Sch,M,0,0,0,0,0,0,0,0,76,100,81,67,59,0,0,0,0,0,0,0,0,0,0,383
126515001,Philadelphia City SD,SD,Philadelphia,7809,Sheridan West,F,0,0,0,0,0,0,0,0,0,0,0,0,0,0,0,0,18,23,0,0,0,0,0,41
126515001,Philadelphia City SD,SD,Philadelphia,7809,Sheridan West,M,0,0,0,0,0,0,0,0,0,0,0,0,0,0,0,0,33,29,0,0,0,0,0,62
126515001,Philadelphia City SD,SD,Philadelphia,3634,Smith Walter G Sch,F,0,0,0,0,0,0,0,0,25,15,29,18,17,29,28,0,22,15,0,0,0,0,0,198
126515001,Philadelphia City SD,SD,Philadelphia,3634,Smith Walter G Sch,M,0,0,0,0,0,0,0,0,31,28,14,25,31,14,12,0,19,21,0,0,0,0,0,195
126515001,Philadelphia City SD,SD,Philadelphia,3773,Solis-Cohen Solomon Sch,F,0,0,9,0,0,0,0,0,98,84,99,91,86,78,71,0,0,0,0,0,0,0,0,616
126515001,Philadelphia City SD,SD,Philadelphia,3773,Solis-Cohen Solomon Sch,M,0,0,10,0,0,0,0,0,101,96,104,93,82,101,85,0,0,0,0,0,0,0,0,672
126515001,Philadelphia City SD,SD,Philadelphia,3859,South Philadelphia HS,F,0,0,15,0,0,0,0,0,0,0,0,0,0,0,0,0,0,0,78,69,48,65,0,275
126515001,Philadelphia City SD,SD,Philadelphia,3859,South Philadelphia HS,M,0,0,17,0,0,0,0,0,0,0,0,0,0,0,0,0,0,0,113,94,77,82,0,383
126515001,Philadelphia City SD,SD,Philadelphia,3654,Southwark Sch,F,0,0,17,0,0,0,0,0,39,28,38,27,31,21,33,0,38,23,0,0,0,0,0,295
126515001,Philadelphia City SD,SD,Philadelphia,3654,Southwark Sch,M,0,0,19,0,0,0,0,0,41,23,38,21,28,25,25,0,28,26,0,0,0,0,0,274
126515001,Philadelphia City SD,SD,Philadelphia,3655,Spring Garden Sch,F,0,0,0,0,0,0,0,0,8,7,12,11,26,20,22,0,15,9,0,0,0,0,0,130
126515001,Philadelphia City SD,SD,Philadelphia,3655,Spring Garden Sch,M,0,0,0,0,0,0,0,0,17,17,14,23,19,21,15,0,4,11,0,0,0,0,0,141
126515001,Philadelphia City SD,SD,Philadelphia,7234,Spruance Gilbert Sch,F,0,0,9,0,0,0,0,0,77,87,72,66,80,69,72,0,64,64,0,0,0,0,0,660
126515001,Philadelphia City SD,SD,Philadelphia,7234,Spruance Gilbert Sch,M,0,0,9,0,0,0,0,0,75,87,78,57,80,81,67,0,77,78,0,0,0,0,0,689
126515001,Philadelphia City SD,SD,Philadelphia,3635,Stanton Edwin M Sch,F,0,0,12,0,0,0,0,0,17,15,17,16,14,12,7,0,13,11,0,0,0,0,0,134
126515001,Philadelphia City SD,SD,Philadelphia,3635,Stanton Edwin M Sch,M,0,0,8,0,0,0,0,0,13,20,27,12,14,18,10,0,15,7,0,0,0,0,0,144
126515001,Philadelphia City SD,SD,Philadelphia,6541,Stanton M Hall Sch,F,0,0,19,0,0,0,0,0,22,22,20,15,16,21,15,0,15,20,0,0,0,0,0,185
126515001,Philadelphia City SD,SD,Philadelphia,6541,Stanton M Hall Sch,M,0,0,22,0,0,0,0,0,24,21,24,18,18,16,13,0,25,6,0,0,0,0,0,187
126515001,Philadelphia City SD,SD,Philadelphia,4963,Stearne Allen M Sch,F,0,0,20,0,0,0,0,0,32,43,31,30,24,24,26,0,0,0,0,0,0,0,0,230
126515001,Philadelphia City SD,SD,Philadelphia,4963,Stearne Allen M Sch,M,0,0,15,0,0,0,0,0,27,33,45,38,33,40,21,0,0,0,0,0,0,0,0,252
126515001,Philadelphia City SD,SD,Philadelphia,3727,Steel Edward Sch,F,0,0,15,0,0,0,0,0,38,32,39,29,23,26,23,0,15,28,0,0,0,0,0,268
126515001,Philadelphia City SD,SD,Philadelphia,3727,Steel Edward Sch,M,0,0,20,0,0,0,0,0,40,34,27,26,46,25,26,0,23,17,0,0,0,0,0,284
126515001,Philadelphia City SD,SD,Philadelphia,7255,Strawberry Mansion HS,F,0,0,0,0,0,0,0,0,0,0,0,0,0,0,0,0,0,0,55,42,52,62,0,211
126515001,Philadelphia City SD,SD,Philadelphia,7255,Strawberry Mansion HS,M,0,0,0,0,0,0,0,0,0,0,0,0,0,0,0,0,0,0,60,50,60,50,0,220
126515001,Philadelphia City SD,SD,Philadelphia,3753,Sullivan James J Sch,F,0,0,0,0,0,0,0,0,59,51,55,54,49,47,0,0,0,0,0,0,0,0,0,315
126515001,Philadelphia City SD,SD,Philadelphia,3753,Sullivan James J Sch,M,0,0,0,0,0,0,0,0,62,63,50,54,56,61,0,0,0,0,0,0,0,0,0,346
126515001,Philadelphia City SD,SD,Philadelphia,7072,Swenson Arts & Technology HS,F,0,0,0,0,0,0,0,0,0,0,0,0,0,0,0,0,0,0,60,76,51,62,0,249
126515001,Philadelphia City SD,SD,Philadelphia,7072,Swenson Arts & Technology HS,M,0,0,0,0,0,0,0,0,0,0,0,0,0,0,0,0,0,0,114,124,111,95,0,444
126515001,Philadelphia City SD,SD,Philadelphia,3657,Taggart John H Sch,F,0,0,12,0,0,0,0,0,17,24,30,24,25,29,22,0,23,15,0,0,0,0,0,221
126515001,Philadelphia City SD,SD,Philadelphia,3657,Taggart John H Sch,M,0,0,25,0,0,0,0,0,27,32,32,25,29,34,16,0,27,32,0,0,0,0,0,279
126515001,Philadelphia City SD,SD,Philadelphia,3755,Taylor Bayard Sch,F,0,0,0,0,0,0,0,0,45,46,47,48,43,39,0,0,0,0,0,0,0,0,0,268
126515001,Philadelphia City SD,SD,Philadelphia,3755,Taylor Bayard Sch,M,0,0,0,0,0,0,0,0,43,49,51,48,48,43,0,0,0,0,0,0,0,0,0,282
126515001,Philadelphia City SD,SD,Philadelphia,3832,Tilden William T MS,F,0,0,0,0,0,0,0,0,0,0,0,0,0,0,70,0,46,54,0,0,0,0,0,170
126515001,Philadelphia City SD,SD,Philadelphia,3832,Tilden William T MS,M,0,0,0,0,0,0,0,0,0,0,0,0,0,0,77,0,57,69,0,0,0,0,0,203
126515001,Philadelphia City SD,SD,Philadelphia,6523,University City HS,F,0,0,0,0,0,0,0,0,0,0,0,0,0,0,0,0,0,0,52,85,63,47,0,247
126515001,Philadelphia City SD,SD,Philadelphia,6523,University City HS,M,0,0,0,0,0,0,0,0,0,0,0,0,0,0,0,0,0,0,51,75,69,64,0,259
126515001,Philadelphia City SD,SD,Philadelphia,3658,Vare Abigail Sch,F,0,0,23,0,0,0,0,0,18,24,19,18,15,19,15,0,15,10,0,0,0,0,0,176
126515001,Philadelphia City SD,SD,Philadelphia,3658,Vare Abigail Sch,M,0,0,30,0,0,0,0,0,26,30,25,16,22,23,18,0,7,15,0,0,0,0,0,212
126515001,Philadelphia City SD,SD,Philadelphia,7252,Vaux Roberts HS,F,0,0,0,0,0,0,0,0,0,0,0,0,0,0,0,0,0,0,27,24,39,33,0,123
126515001,Philadelphia City SD,SD,Philadelphia,7252,Vaux Roberts HS,M,0,0,0,0,0,0,0,0,0,0,0,0,0,0,0,0,0,0,32,37,52,36,0,157
126515001,Philadelphia City SD,SD,Philadelphia,3835,Wagner Gen Louis MS,F,0,0,0,0,0,0,0,0,0,0,0,0,0,0,53,0,74,73,0,0,0,0,0,200
126515001,Philadelphia City SD,SD,Philadelphia,3835,Wagner Gen Louis MS,M,0,0,0,0,0,0,0,0,0,0,0,0,0,0,65,0,102,93,0,0,0,0,0,260
126515001,Philadelphia City SD,SD,Philadelphia,7225,Waring Laura W Sch,F,0,0,20,0,0,0,0,0,12,20,19,22,17,15,14,0,12,5,0,0,0,0,0,156
126515001,Philadelphia City SD,SD,Philadelphia,7225,Waring Laura W Sch,M,0,0,16,0,0,0,0,0,35,18,26,19,10,11,16,0,13,14,0,0,0,0,0,178
126515001,Philadelphia City SD,SD,Philadelphia,6527,Washington George HS,F,0,0,0,0,0,0,0,0,0,0,0,0,0,0,0,0,0,0,205,230,203,195,0,833
126515001,Philadelphia City SD,SD,Philadelphia,6527,Washington George HS,M,0,0,0,0,0,0,0,0,0,0,0,0,0,0,0,0,0,0,266,257,262,248,0,"1,033"
126515001,Philadelphia City SD,SD,Philadelphia,3659,Washington George Sch,F,0,0,20,0,0,0,0,0,30,15,14,11,19,9,10,0,12,11,0,0,0,0,0,151
126515001,Philadelphia City SD,SD,Philadelphia,3659,Washington George Sch,M,0,0,18,0,0,0,0,0,22,25,17,16,8,14,11,0,12,17,0,0,0,0,0,160
126515001,Philadelphia City SD,SD,Philadelphia,7663,Washington Grover Jr Sch,F,0,0,0,0,0,0,0,0,0,0,0,0,0,68,64,0,98,93,0,0,0,0,0,323
126515001,Philadelphia City SD,SD,Philadelphia,7663,Washington Grover Jr Sch,M,0,0,0,0,0,0,0,0,0,0,0,0,0,83,82,0,79,86,0,0,0,0,0,330
126515001,Philadelphia City SD,SD,Philadelphia,3615,Washington Martha Sch,F,0,0,0,0,0,0,0,0,15,20,12,23,18,19,18,0,18,18,0,0,0,0,0,161
126515001,Philadelphia City SD,SD,Philadelphia,3615,Washington Martha Sch,M,0,0,0,0,0,0,0,0,26,24,27,19,25,27,31,0,22,22,0,0,0,0,0,223
126515001,Philadelphia City SD,SD,Philadelphia,5124,Webster Sch,F,0,0,23,0,0,0,0,0,66,75,78,71,74,57,0,0,0,0,0,0,0,0,0,444
126515001,Philadelphia City SD,SD,Philadelphia,5124,Webster Sch,M,0,0,17,0,0,0,0,0,78,84,68,90,90,73,0,0,0,0,0,0,0,0,0,500
126515001,Philadelphia City SD,SD,Philadelphia,3703,Welsh John Sch,F,0,0,0,0,0,0,0,0,38,36,27,35,30,31,37,0,17,35,0,0,0,0,0,286
126515001,Philadelphia City SD,SD,Philadelphia,3703,Welsh John Sch,M,0,0,0,0,0,0,0,0,38,30,33,30,43,24,27,0,28,29,0,0,0,0,0,282
126515001,Philadelphia City SD,SD,Philadelphia,3860,West Philadelphia HS,F,0,0,0,0,0,0,0,0,0,0,0,0,0,0,0,0,0,0,94,88,104,67,0,353
126515001,Philadelphia City SD,SD,Philadelphia,3860,West Philadelphia HS,M,0,0,0,0,0,0,0,0,0,0,0,0,0,0,0,0,0,0,142,151,97,72,0,462
126515001,Philadelphia City SD,SD,Philadelphia,3681,Whittier John G Sch,F,0,0,7,0,0,0,0,0,33,27,29,24,35,18,16,0,0,0,0,0,0,0,0,189
126515001,Philadelphia City SD,SD,Philadelphia,3681,Whittier John G Sch,M,0,0,12,0,0,0,0,0,21,29,29,29,22,26,29,0,0,0,0,0,0,0,0,197
126515001,Philadelphia City SD,SD,Philadelphia,3728,Widener Memorial Sch,F,0,0,0,0,0,0,0,0,0,0,0,0,0,0,0,0,0,0,0,0,0,0,72,72
126515001,Philadelphia City SD,SD,Philadelphia,3728,Widener Memorial Sch,M,0,0,0,0,0,0,0,0,0,0,0,0,0,0,0,0,0,0,0,0,0,0,101,101
126515001,Philadelphia City SD,SD,Philadelphia,6544,Willard Frances E Sch,F,0,0,51,0,0,0,0,0,89,84,76,74,78,0,0,0,0,0,0,0,0,0,0,452
126515001,Philadelphia City SD,SD,Philadelphia,6544,Willard Frances E Sch,M,0,0,60,0,0,0,0,0,77,76,85,77,63,0,0,0,0,0,0,0,0,0,0,438
126515001,Philadelphia City SD,SD,Philadelphia,3775,Wilson Alexander Sch,F,0,0,29,0,0,0,0,0,15,20,11,14,6,15,14,0,0,0,0,0,0,0,0,124
126515001,Philadelphia City SD,SD,Philadelphia,3775,Wilson Alexander Sch,M,0,0,28,0,0,0,0,0,27,19,12,26,11,22,12,0,0,0,0,0,0,0,0,157
126515001,Philadelphia City SD,SD,Philadelphia,7253,Wilson Woodrow MS,F,0,0,0,0,0,0,0,0,0,0,0,0,0,0,131,0,199,224,0,0,0,0,0,554
126515001,Philadelphia City SD,SD,Philadelphia,7253,Wilson Woodrow MS,M,0,0,0,0,0,0,0,0,0,0,0,0,0,0,161,0,209,238,0,0,0,0,0,608
126515001,Philadelphia City SD,SD,Philadelphia,3731,Wister John Sch,F,0,0,6,0,0,0,0,0,36,48,25,40,31,28,24,0,0,0,0,0,0,0,0,238
126515001,Philadelphia City SD,SD,Philadelphia,3731,Wister John Sch,M,0,0,12,0,0,0,0,0,32,36,35,33,25,23,33,0,0,0,0,0,0,0,0,229
126515001,Philadelphia City SD,SD,Philadelphia,5188,Wright Richard R Sch,F,0,0,32,0,0,0,0,0,22,25,34,18,24,22,16,0,0,0,0,0,0,0,0,193
126515001,Philadelphia City SD,SD,Philadelphia,5188,Wright Richard R Sch,M,0,0,25,0,0,0,0,0,31,38,37,29,23,26,23,0,0,0,0,0,0,0,0,232
126515001,Philadelphia City SD,SD,Philadelphia,7233,Ziegler William H Sch,F,0,0,0,0,0,0,0,0,26,24,29,26,23,25,26,0,21,30,0,0,0,0,0,230
126515001,Philadelphia City SD,SD,Philadelphia,7233,Ziegler William H Sch,M,0,0,0,0,0,0,0,0,33,35,37,28,37,25,29,0,35,34,0,0,0,0,0,293
126510009,Philadelphia Electrical & Tech CHS,CS,Philadelphia,7737,Philadelphia Electrical & Tech CHS,F,0,0,0,0,0,0,0,0,0,0,0,0,0,0,0,0,0,0,90,66,46,77,0,279
126510009,Philadelphia Electrical & Tech CHS,CS,Philadelphia,7737,Philadelphia Electrical & Tech CHS,M,0,0,0,0,0,0,0,0,0,0,0,0,0,0,0,0,0,0,104,86,89,84,0,363
126512850,Philadelphia Harambee Inst CS,CS,Philadelphia,7511,Philadelphia Harambee Inst CS,F,0,0,0,0,0,0,0,0,37,25,25,29,24,21,28,0,24,28,0,0,0,0,0,241
126512850,Philadelphia Harambee Inst CS,CS,Philadelphia,7511,Philadelphia Harambee Inst CS,M,0,0,0,0,0,0,0,0,24,30,28,28,32,36,28,0,27,30,0,0,0,0,0,263
126510016,Philadelphia Montessori CS,CS,Philadelphia,7828,Philadelphia Montessori CS,F,0,0,0,0,0,0,0,0,11,13,14,16,14,9,8,0,0,0,0,0,0,0,0,85
126510016,Philadelphia Montessori CS,CS,Philadelphia,7828,Philadelphia Montessori CS,M,0,0,0,0,0,0,0,0,14,10,13,9,13,13,12,0,0,0,0,0,0,0,0,84
126513400,Philadelphia Performing Arts CS,CS,Philadelphia,7647,Philadelphia Performing Arts CS,F,0,0,0,0,0,0,0,0,102,85,82,76,71,78,41,0,48,49,0,0,0,0,0,632
126513400,Philadelphia Performing Arts CS,CS,Philadelphia,7647,Philadelphia Performing Arts CS,M,0,0,0,0,0,0,0,0,88,56,55,61,51,24,45,0,27,21,0,0,0,0,0,428
182514568,Planet Abacus CS,CS,Philadelphia,7979,Planet Abacus CS,F,0,0,0,0,0,0,0,0,28,42,37,28,36,24,25,0,27,13,0,0,0,0,0,260
182514568,Planet Abacus CS,CS,Philadelphia,7979,Planet Abacus CS,M,0,0,0,0,0,0,0,0,39,31,26,27,30,22,14,0,10,12,0,0,0,0,0,211
126512960,Preparatory CS of Mathematics  Science,CS,Philadelphia,7540,Preparatory CS of Mathematics Science,F,0,0,0,0,0,0,0,0,0,0,0,0,0,0,0,0,0,0,81,95,70,67,0,313
126512960,Preparatory CS of Mathematics  Science,CS,Philadelphia,7540,Preparatory CS of Mathematics Science,M,0,0,0,0,0,0,0,0,0,0,0,0,0,0,0,0,0,0,98,76,62,58,0,294
126510008,Richard Allen Preparatory CS,CS,Philadelphia,7684,Richard Allen Preparatory CS,F,0,0,0,0,0,0,0,0,0,0,0,0,0,41,58,0,58,54,25,0,0,0,0,236
126510008,Richard Allen Preparatory CS,CS,Philadelphia,7684,Richard Allen Preparatory CS,M,0,0,0,0,0,0,0,0,0,0,0,0,0,45,53,0,60,60,26,0,0,0,0,244
126510001,Russell Byers CS,CS,Philadelphia,7677,Russell Byers CS,F,0,0,0,0,0,30,0,0,38,27,39,38,32,26,27,0,0,0,0,0,0,0,0,257
126510001,Russell Byers CS,CS,Philadelphia,7677,Russell Byers CS,M,0,0,0,0,0,22,0,0,35,25,37,35,21,26,23,0,0,0,0,0,0,0,0,224
114514135,Sankofa Freedom Academy Charter School,CS,Philadelphia,8083,Sankofa Freedom Academy Charter School,F,0,0,0,0,0,0,0,0,20,20,23,24,30,18,30,0,30,0,23,25,25,19,0,287
114514135,Sankofa Freedom Academy Charter School,CS,Philadelphia,8083,Sankofa Freedom Academy Charter School,M,0,0,0,0,0,0,0,0,29,27,34,22,24,32,21,0,22,0,29,22,22,20,0,304
126512213,Solomon Charter School Inc.,CS,Philadelphia,8227,Solomon Charter School Inc.,F,0,0,0,0,0,0,0,0,0,0,0,0,0,0,0,0,23,18,24,31,0,0,0,96
126512213,Solomon Charter School Inc.,CS,Philadelphia,8227,Solomon Charter School Inc.,M,0,0,0,0,0,0,0,0,0,0,0,0,0,0,0,0,16,23,32,28,0,0,0,99
108515107,Southwest Leadership Academy CS,CS,Philadelphia,7960,Southwest Leadership Academy CS,F,0,0,0,0,0,0,0,0,26,28,27,29,28,23,27,0,29,19,0,0,0,0,0,236
108515107,Southwest Leadership Academy CS,CS,Philadelphia,7960,Southwest Leadership Academy CS,M,0,0,0,0,0,0,0,0,27,27,29,28,26,28,24,0,27,18,0,0,0,0,0,234
192518422,Tacony Academy Charter School,CS,Philadelphia,8126,Tacony Academy Charter School,F,0,0,0,0,0,0,0,0,34,35,36,32,29,36,40,0,41,0,50,54,46,0,0,433
192518422,Tacony Academy Charter School,CS,Philadelphia,8126,Tacony Academy Charter School,M,0,0,0,0,0,0,0,0,41,37,42,40,47,37,35,0,30,0,41,42,48,0,0,440
126515691,The Philadelphia CS for Arts and Science,CS,Philadelphia,8252,The Philadelphia CS for Arts and Science,F,0,0,0,0,0,0,0,0,44,49,48,49,51,35,35,0,47,43,0,0,0,0,0,401
126515691,The Philadelphia CS for Arts and Science,CS,Philadelphia,8252,The Philadelphia CS for Arts and Science,M,0,0,0,0,0,0,0,0,53,53,49,64,44,54,50,0,54,55,0,0,0,0,0,476
171510293,Truebright Science Academy CS,CS,Philadelphia,7983,Truebright Science Academy CS,F,0,0,0,0,0,0,0,0,0,0,0,0,0,0,0,0,15,20,29,35,28,24,0,151
171510293,Truebright Science Academy CS,CS,Philadelphia,7983,Truebright Science Academy CS,M,0,0,0,0,0,0,0,0,0,0,0,0,0,0,0,0,24,23,35,26,30,18,0,156
126519434,Universal Audenried Charter School,CS,Philadelphia,8195,Universal Audenried Charter School,F,0,0,0,0,0,0,0,0,0,0,0,0,0,0,0,0,0,0,80,93,65,69,0,307
126519434,Universal Audenried Charter School,CS,Philadelphia,8195,Universal Audenried Charter School,M,0,0,0,0,0,0,0,0,0,0,0,0,0,0,0,0,0,0,96,91,53,64,0,304
168513758,Universal Bluford Charter School,CS,Philadelphia,8145,Universal Bluford Charter School,F,0,0,0,0,0,0,0,0,37,44,33,30,40,32,35,0,0,0,0,0,0,0,0,251
168513758,Universal Bluford Charter School,CS,Philadelphia,8145,Universal Bluford Charter School,M,0,0,0,0,0,0,0,0,33,40,39,37,31,34,41,0,0,0,0,0,0,0,0,255
126517442,Universal Creighton Charter School,CS,Philadelphia,8251,Universal Creighton Charter School,F,0,0,0,0,0,0,0,0,39,36,37,31,42,26,29,0,40,30,0,0,0,0,0,310
126517442,Universal Creighton Charter School,CS,Philadelphia,8251,Universal Creighton Charter School,M,0,0,0,0,0,0,0,0,47,31,49,49,48,42,37,0,35,37,0,0,0,0,0,375
103519376,Universal Daroff Charter School,CS,Philadelphia,8146,Universal Daroff Charter School,F,0,0,0,0,0,0,0,0,49,38,30,36,33,34,24,0,32,24,0,0,0,0,0,300
103519376,Universal Daroff Charter School,CS,Philadelphia,8146,Universal Daroff Charter School,M,0,0,0,0,0,0,0,0,39,32,36,32,43,36,40,0,36,30,0,0,0,0,0,324
126513210,Universal Institute CS,CS,Philadelphia,7580,Universal Institute CS,F,0,0,0,0,0,0,0,0,57,36,40,42,28,39,30,0,32,29,0,0,0,0,0,333
126513210,Universal Institute CS,CS,Philadelphia,7580,Universal Institute CS,M,0,0,0,0,0,0,0,0,53,35,32,25,37,28,27,0,25,26,0,0,0,0,0,288
126513415,Universal Vare Charter School,CS,Philadelphia,8196,Universal Vare Charter School,F,0,0,0,0,0,0,0,0,0,0,0,0,0,50,39,0,43,50,0,0,0,0,0,182
126513415,Universal Vare Charter School,CS,Philadelphia,8196,Universal Vare Charter School,M,0,0,0,0,0,0,0,0,0,0,0,0,0,47,56,0,49,61,0,0,0,0,0,213
126513220,Wakisha CS,CS,Philadelphia,7581,Wakisha CS,F,0,0,0,0,0,0,0,0,0,0,0,0,0,0,33,0,86,67,0,0,0,0,0,186
126513220,Wakisha CS,CS,Philadelphia,7581,Wakisha CS,M,0,0,0,0,0,0,0,0,0,0,0,0,0,0,49,0,87,71,0,0,0,0,0,207
126513490,Walter D Palmer Leadership Learning Part,CS,Philadelphia,7674,Walter D Palmer Leadership Learning Part,F,0,0,0,0,0,0,0,0,41,42,62,61,60,38,38,0,42,49,35,40,33,25,0,566
126513490,Walter D Palmer Leadership Learning Part,CS,Philadelphia,7674,Walter D Palmer Leadership Learning Part,M,0,0,0,0,0,0,0,0,40,35,38,41,42,36,46,0,38,36,29,26,25,26,0,458
126513020,West Oak Lane CS,CS,Philadelphia,7548,West Oak Lane CS,F,0,0,0,0,0,0,0,0,66,69,57,49,43,50,35,0,28,29,0,0,0,0,0,426
126513020,West Oak Lane CS,CS,Philadelphia,7548,West Oak Lane CS,M,0,0,0,0,0,0,0,0,65,63,69,80,62,52,28,0,29,28,0,0,0,0,0,476
126510006,West Phila. Achievement CES,CS,Philadelphia,7722,West Phila. Achievement CES,F,0,0,0,0,0,0,0,0,65,57,65,55,40,29,0,0,0,0,0,0,0,0,0,311
126510006,West Phila. Achievement CES,CS,Philadelphia,7722,West Phila. Achievement CES,M,0,0,0,0,0,0,0,0,73,64,45,49,36,35,0,0,0,0,0,0,0,0,0,302
126510007,Wissahickon CS,CS,Philadelphia,7724,Wissahickon CS,F,0,0,0,0,0,0,0,0,19,20,32,28,20,19,21,0,27,22,0,0,0,0,0,208
126510007,Wissahickon CS,CS,Philadelphia,7724,Wissahickon CS,M,0,0,0,0,0,0,0,0,29,30,20,24,32,33,31,0,25,18,0,0,0,0,0,242
126512860,World Communications CS,CS,Philadelphia,7512,World Communications CS,F,0,0,0,0,0,0,0,0,0,0,0,0,0,0,16,0,48,31,73,60,43,45,0,316
126512860,World Communications CS,CS,Philadelphia,7512,World Communications CS,M,0,0,0,0,0,0,0,0,0,0,0,0,0,0,14,0,40,21,77,45,19,29,0,245
126513250,Young Scholars CS,CS,Philadelphia,7584,Young Scholars CS,F,0,0,0,0,0,0,0,0,0,0,0,0,0,0,55,0,48,40,0,0,0,0,0,143
126513250,Young Scholars CS,CS,Philadelphia,7584,Young Scholars CS,M,0,0,0,0,0,0,0,0,0,0,0,0,0,0,31,0,38,38,0,0,0,0,0,107
126518547,Young Scholars Frederick Douglas Charter,CS,Philadelphia,8150,Young Scholars Frederick Douglass Charte,F,0,0,0,0,0,0,0,0,41,46,39,45,46,39,38,0,37,34,0,0,0,0,0,365
126518547,Young Scholars Frederick Douglas Charter,CS,Philadelphia,8150,Young Scholars Frederick Douglass Charte,M,0,0,0,0,0,0,0,0,42,53,57,35,46,44,44,0,41,38,0,0,0,0,0,400
126512870,Youth Build Phila CS,CS,Philadelphia,7513,Youth Build Phila CS,F,0,0,0,0,0,0,0,0,0,0,0,0,0,0,0,0,0,0,0,0,0,164,0,164
126512870,Youth Build Phila CS,CS,Philadelphia,7513,Youth Build Phila CS,M,0,0,0,0,0,0,0,0,0,0,0,0,0,0,0,0,0,0,0,0,0,88,0,88
